# Procedurally generated UV sphere
# rings=24 sectors=36 radius=1.0
v 0.000000 1.000000 0.000000
v 0.000000 1.000000 0.000000
v 0.000000 1.000000 0.000000
v 0.000000 1.000000 0.000000
v 0.000000 1.000000 0.000000
v 0.000000 1.000000 0.000000
v 0.000000 1.000000 0.000000
v 0.000000 1.000000 0.000000
v 0.000000 1.000000 0.000000
v 0.000000 1.000000 0.000000
v -0.000000 1.000000 0.000000
v -0.000000 1.000000 0.000000
v -0.000000 1.000000 0.000000
v -0.000000 1.000000 0.000000
v -0.000000 1.000000 0.000000
v -0.000000 1.000000 0.000000
v -0.000000 1.000000 0.000000
v -0.000000 1.000000 0.000000
v -0.000000 1.000000 0.000000
v -0.000000 1.000000 -0.000000
v -0.000000 1.000000 -0.000000
v -0.000000 1.000000 -0.000000
v -0.000000 1.000000 -0.000000
v -0.000000 1.000000 -0.000000
v -0.000000 1.000000 -0.000000
v -0.000000 1.000000 -0.000000
v -0.000000 1.000000 -0.000000
v -0.000000 1.000000 -0.000000
v 0.000000 1.000000 -0.000000
v 0.000000 1.000000 -0.000000
v 0.000000 1.000000 -0.000000
v 0.000000 1.000000 -0.000000
v 0.000000 1.000000 -0.000000
v 0.000000 1.000000 -0.000000
v 0.000000 1.000000 -0.000000
v 0.000000 1.000000 -0.000000
v 0.000000 1.000000 -0.000000
v 0.130526 0.991445 0.000000
v 0.128543 0.991445 0.022666
v 0.122654 0.991445 0.044643
v 0.113039 0.991445 0.065263
v 0.099989 0.991445 0.083901
v 0.083901 0.991445 0.099989
v 0.065263 0.991445 0.113039
v 0.044643 0.991445 0.122654
v 0.022666 0.991445 0.128543
v 0.000000 0.991445 0.130526
v -0.022666 0.991445 0.128543
v -0.044643 0.991445 0.122654
v -0.065263 0.991445 0.113039
v -0.083901 0.991445 0.099989
v -0.099989 0.991445 0.083901
v -0.113039 0.991445 0.065263
v -0.122654 0.991445 0.044643
v -0.128543 0.991445 0.022666
v -0.130526 0.991445 0.000000
v -0.128543 0.991445 -0.022666
v -0.122654 0.991445 -0.044643
v -0.113039 0.991445 -0.065263
v -0.099989 0.991445 -0.083901
v -0.083901 0.991445 -0.099989
v -0.065263 0.991445 -0.113039
v -0.044643 0.991445 -0.122654
v -0.022666 0.991445 -0.128543
v -0.000000 0.991445 -0.130526
v 0.022666 0.991445 -0.128543
v 0.044643 0.991445 -0.122654
v 0.065263 0.991445 -0.113039
v 0.083901 0.991445 -0.099989
v 0.099989 0.991445 -0.083901
v 0.113039 0.991445 -0.065263
v 0.122654 0.991445 -0.044643
v 0.128543 0.991445 -0.022666
v 0.130526 0.991445 -0.000000
v 0.258819 0.965926 0.000000
v 0.254887 0.965926 0.044943
v 0.243210 0.965926 0.088521
v 0.224144 0.965926 0.129410
v 0.198267 0.965926 0.166366
v 0.166366 0.965926 0.198267
v 0.129410 0.965926 0.224144
v 0.088521 0.965926 0.243210
v 0.044943 0.965926 0.254887
v 0.000000 0.965926 0.258819
v -0.044943 0.965926 0.254887
v -0.088521 0.965926 0.243210
v -0.129410 0.965926 0.224144
v -0.166366 0.965926 0.198267
v -0.198267 0.965926 0.166366
v -0.224144 0.965926 0.129410
v -0.243210 0.965926 0.088521
v -0.254887 0.965926 0.044943
v -0.258819 0.965926 0.000000
v -0.254887 0.965926 -0.044943
v -0.243210 0.965926 -0.088521
v -0.224144 0.965926 -0.129410
v -0.198267 0.965926 -0.166366
v -0.166366 0.965926 -0.198267
v -0.129410 0.965926 -0.224144
v -0.088521 0.965926 -0.243210
v -0.044943 0.965926 -0.254887
v -0.000000 0.965926 -0.258819
v 0.044943 0.965926 -0.254887
v 0.088521 0.965926 -0.243210
v 0.129410 0.965926 -0.224144
v 0.166366 0.965926 -0.198267
v 0.198267 0.965926 -0.166366
v 0.224144 0.965926 -0.129410
v 0.243210 0.965926 -0.088521
v 0.254887 0.965926 -0.044943
v 0.258819 0.965926 -0.000000
v 0.382683 0.923880 0.000000
v 0.376870 0.923880 0.066452
v 0.359605 0.923880 0.130885
v 0.331414 0.923880 0.191342
v 0.293153 0.923880 0.245984
v 0.245984 0.923880 0.293153
v 0.191342 0.923880 0.331414
v 0.130885 0.923880 0.359605
v 0.066452 0.923880 0.376870
v 0.000000 0.923880 0.382683
v -0.066452 0.923880 0.376870
v -0.130885 0.923880 0.359605
v -0.191342 0.923880 0.331414
v -0.245984 0.923880 0.293153
v -0.293153 0.923880 0.245984
v -0.331414 0.923880 0.191342
v -0.359605 0.923880 0.130885
v -0.376870 0.923880 0.066452
v -0.382683 0.923880 0.000000
v -0.376870 0.923880 -0.066452
v -0.359605 0.923880 -0.130885
v -0.331414 0.923880 -0.191342
v -0.293153 0.923880 -0.245984
v -0.245984 0.923880 -0.293153
v -0.191342 0.923880 -0.331414
v -0.130885 0.923880 -0.359605
v -0.066452 0.923880 -0.376870
v -0.000000 0.923880 -0.382683
v 0.066452 0.923880 -0.376870
v 0.130885 0.923880 -0.359605
v 0.191342 0.923880 -0.331414
v 0.245984 0.923880 -0.293153
v 0.293153 0.923880 -0.245984
v 0.331414 0.923880 -0.191342
v 0.359605 0.923880 -0.130885
v 0.376870 0.923880 -0.066452
v 0.382683 0.923880 -0.000000
v 0.500000 0.866025 0.000000
v 0.492404 0.866025 0.086824
v 0.469846 0.866025 0.171010
v 0.433013 0.866025 0.250000
v 0.383022 0.866025 0.321394
v 0.321394 0.866025 0.383022
v 0.250000 0.866025 0.433013
v 0.171010 0.866025 0.469846
v 0.086824 0.866025 0.492404
v 0.000000 0.866025 0.500000
v -0.086824 0.866025 0.492404
v -0.171010 0.866025 0.469846
v -0.250000 0.866025 0.433013
v -0.321394 0.866025 0.383022
v -0.383022 0.866025 0.321394
v -0.433013 0.866025 0.250000
v -0.469846 0.866025 0.171010
v -0.492404 0.866025 0.086824
v -0.500000 0.866025 0.000000
v -0.492404 0.866025 -0.086824
v -0.469846 0.866025 -0.171010
v -0.433013 0.866025 -0.250000
v -0.383022 0.866025 -0.321394
v -0.321394 0.866025 -0.383022
v -0.250000 0.866025 -0.433013
v -0.171010 0.866025 -0.469846
v -0.086824 0.866025 -0.492404
v -0.000000 0.866025 -0.500000
v 0.086824 0.866025 -0.492404
v 0.171010 0.866025 -0.469846
v 0.250000 0.866025 -0.433013
v 0.321394 0.866025 -0.383022
v 0.383022 0.866025 -0.321394
v 0.433013 0.866025 -0.250000
v 0.469846 0.866025 -0.171010
v 0.492404 0.866025 -0.086824
v 0.500000 0.866025 -0.000000
v 0.608761 0.793353 0.000000
v 0.599513 0.793353 0.105710
v 0.572049 0.793353 0.208209
v 0.527203 0.793353 0.304381
v 0.466338 0.793353 0.391304
v 0.391304 0.793353 0.466338
v 0.304381 0.793353 0.527203
v 0.208209 0.793353 0.572049
v 0.105710 0.793353 0.599513
v 0.000000 0.793353 0.608761
v -0.105710 0.793353 0.599513
v -0.208209 0.793353 0.572049
v -0.304381 0.793353 0.527203
v -0.391304 0.793353 0.466338
v -0.466338 0.793353 0.391304
v -0.527203 0.793353 0.304381
v -0.572049 0.793353 0.208209
v -0.599513 0.793353 0.105710
v -0.608761 0.793353 0.000000
v -0.599513 0.793353 -0.105710
v -0.572049 0.793353 -0.208209
v -0.527203 0.793353 -0.304381
v -0.466338 0.793353 -0.391304
v -0.391304 0.793353 -0.466338
v -0.304381 0.793353 -0.527203
v -0.208209 0.793353 -0.572049
v -0.105710 0.793353 -0.599513
v -0.000000 0.793353 -0.608761
v 0.105710 0.793353 -0.599513
v 0.208209 0.793353 -0.572049
v 0.304381 0.793353 -0.527203
v 0.391304 0.793353 -0.466338
v 0.466338 0.793353 -0.391304
v 0.527203 0.793353 -0.304381
v 0.572049 0.793353 -0.208209
v 0.599513 0.793353 -0.105710
v 0.608761 0.793353 -0.000000
v 0.707107 0.707107 0.000000
v 0.696364 0.707107 0.122788
v 0.664463 0.707107 0.241845
v 0.612372 0.707107 0.353553
v 0.541675 0.707107 0.454519
v 0.454519 0.707107 0.541675
v 0.353553 0.707107 0.612372
v 0.241845 0.707107 0.664463
v 0.122788 0.707107 0.696364
v 0.000000 0.707107 0.707107
v -0.122788 0.707107 0.696364
v -0.241845 0.707107 0.664463
v -0.353553 0.707107 0.612372
v -0.454519 0.707107 0.541675
v -0.541675 0.707107 0.454519
v -0.612372 0.707107 0.353553
v -0.664463 0.707107 0.241845
v -0.696364 0.707107 0.122788
v -0.707107 0.707107 0.000000
v -0.696364 0.707107 -0.122788
v -0.664463 0.707107 -0.241845
v -0.612372 0.707107 -0.353553
v -0.541675 0.707107 -0.454519
v -0.454519 0.707107 -0.541675
v -0.353553 0.707107 -0.612372
v -0.241845 0.707107 -0.664463
v -0.122788 0.707107 -0.696364
v -0.000000 0.707107 -0.707107
v 0.122788 0.707107 -0.696364
v 0.241845 0.707107 -0.664463
v 0.353553 0.707107 -0.612372
v 0.454519 0.707107 -0.541675
v 0.541675 0.707107 -0.454519
v 0.612372 0.707107 -0.353553
v 0.664463 0.707107 -0.241845
v 0.696364 0.707107 -0.122788
v 0.707107 0.707107 -0.000000
v 0.793353 0.608761 0.000000
v 0.781301 0.608761 0.137764
v 0.745508 0.608761 0.271343
v 0.687064 0.608761 0.396677
v 0.607744 0.608761 0.509958
v 0.509958 0.608761 0.607744
v 0.396677 0.608761 0.687064
v 0.271343 0.608761 0.745508
v 0.137764 0.608761 0.781301
v 0.000000 0.608761 0.793353
v -0.137764 0.608761 0.781301
v -0.271343 0.608761 0.745508
v -0.396677 0.608761 0.687064
v -0.509958 0.608761 0.607744
v -0.607744 0.608761 0.509958
v -0.687064 0.608761 0.396677
v -0.745508 0.608761 0.271343
v -0.781301 0.608761 0.137764
v -0.793353 0.608761 0.000000
v -0.781301 0.608761 -0.137764
v -0.745508 0.608761 -0.271343
v -0.687064 0.608761 -0.396677
v -0.607744 0.608761 -0.509958
v -0.509958 0.608761 -0.607744
v -0.396677 0.608761 -0.687064
v -0.271343 0.608761 -0.745508
v -0.137764 0.608761 -0.781301
v -0.000000 0.608761 -0.793353
v 0.137764 0.608761 -0.781301
v 0.271343 0.608761 -0.745508
v 0.396677 0.608761 -0.687064
v 0.509958 0.608761 -0.607744
v 0.607744 0.608761 -0.509958
v 0.687064 0.608761 -0.396677
v 0.745508 0.608761 -0.271343
v 0.781301 0.608761 -0.137764
v 0.793353 0.608761 -0.000000
v 0.866025 0.500000 0.000000
v 0.852869 0.500000 0.150384
v 0.813798 0.500000 0.296198
v 0.750000 0.500000 0.433013
v 0.663414 0.500000 0.556670
v 0.556670 0.500000 0.663414
v 0.433013 0.500000 0.750000
v 0.296198 0.500000 0.813798
v 0.150384 0.500000 0.852869
v 0.000000 0.500000 0.866025
v -0.150384 0.500000 0.852869
v -0.296198 0.500000 0.813798
v -0.433013 0.500000 0.750000
v -0.556670 0.500000 0.663414
v -0.663414 0.500000 0.556670
v -0.750000 0.500000 0.433013
v -0.813798 0.500000 0.296198
v -0.852869 0.500000 0.150384
v -0.866025 0.500000 0.000000
v -0.852869 0.500000 -0.150384
v -0.813798 0.500000 -0.296198
v -0.750000 0.500000 -0.433013
v -0.663414 0.500000 -0.556670
v -0.556670 0.500000 -0.663414
v -0.433013 0.500000 -0.750000
v -0.296198 0.500000 -0.813798
v -0.150384 0.500000 -0.852869
v -0.000000 0.500000 -0.866025
v 0.150384 0.500000 -0.852869
v 0.296198 0.500000 -0.813798
v 0.433013 0.500000 -0.750000
v 0.556670 0.500000 -0.663414
v 0.663414 0.500000 -0.556670
v 0.750000 0.500000 -0.433013
v 0.813798 0.500000 -0.296198
v 0.852869 0.500000 -0.150384
v 0.866025 0.500000 -0.000000
v 0.923880 0.382683 0.000000
v 0.909844 0.382683 0.160430
v 0.868163 0.382683 0.315985
v 0.800103 0.382683 0.461940
v 0.707733 0.382683 0.593858
v 0.593858 0.382683 0.707733
v 0.461940 0.382683 0.800103
v 0.315985 0.382683 0.868163
v 0.160430 0.382683 0.909844
v 0.000000 0.382683 0.923880
v -0.160430 0.382683 0.909844
v -0.315985 0.382683 0.868163
v -0.461940 0.382683 0.800103
v -0.593858 0.382683 0.707733
v -0.707733 0.382683 0.593858
v -0.800103 0.382683 0.461940
v -0.868163 0.382683 0.315985
v -0.909844 0.382683 0.160430
v -0.923880 0.382683 0.000000
v -0.909844 0.382683 -0.160430
v -0.868163 0.382683 -0.315985
v -0.800103 0.382683 -0.461940
v -0.707733 0.382683 -0.593858
v -0.593858 0.382683 -0.707733
v -0.461940 0.382683 -0.800103
v -0.315985 0.382683 -0.868163
v -0.160430 0.382683 -0.909844
v -0.000000 0.382683 -0.923880
v 0.160430 0.382683 -0.909844
v 0.315985 0.382683 -0.868163
v 0.461940 0.382683 -0.800103
v 0.593858 0.382683 -0.707733
v 0.707733 0.382683 -0.593858
v 0.800103 0.382683 -0.461940
v 0.868163 0.382683 -0.315985
v 0.909844 0.382683 -0.160430
v 0.923880 0.382683 -0.000000
v 0.965926 0.258819 0.000000
v 0.951251 0.258819 0.167731
v 0.907673 0.258819 0.330366
v 0.836516 0.258819 0.482963
v 0.739942 0.258819 0.620885
v 0.620885 0.258819 0.739942
v 0.482963 0.258819 0.836516
v 0.330366 0.258819 0.907673
v 0.167731 0.258819 0.951251
v 0.000000 0.258819 0.965926
v -0.167731 0.258819 0.951251
v -0.330366 0.258819 0.907673
v -0.482963 0.258819 0.836516
v -0.620885 0.258819 0.739942
v -0.739942 0.258819 0.620885
v -0.836516 0.258819 0.482963
v -0.907673 0.258819 0.330366
v -0.951251 0.258819 0.167731
v -0.965926 0.258819 0.000000
v -0.951251 0.258819 -0.167731
v -0.907673 0.258819 -0.330366
v -0.836516 0.258819 -0.482963
v -0.739942 0.258819 -0.620885
v -0.620885 0.258819 -0.739942
v -0.482963 0.258819 -0.836516
v -0.330366 0.258819 -0.907673
v -0.167731 0.258819 -0.951251
v -0.000000 0.258819 -0.965926
v 0.167731 0.258819 -0.951251
v 0.330366 0.258819 -0.907673
v 0.482963 0.258819 -0.836516
v 0.620885 0.258819 -0.739942
v 0.739942 0.258819 -0.620885
v 0.836516 0.258819 -0.482963
v 0.907673 0.258819 -0.330366
v 0.951251 0.258819 -0.167731
v 0.965926 0.258819 -0.000000
v 0.991445 0.130526 0.000000
v 0.976383 0.130526 0.172163
v 0.931653 0.130526 0.339094
v 0.858616 0.130526 0.495722
v 0.759491 0.130526 0.637288
v 0.637288 0.130526 0.759491
v 0.495722 0.130526 0.858616
v 0.339094 0.130526 0.931653
v 0.172163 0.130526 0.976383
v 0.000000 0.130526 0.991445
v -0.172163 0.130526 0.976383
v -0.339094 0.130526 0.931653
v -0.495722 0.130526 0.858616
v -0.637288 0.130526 0.759491
v -0.759491 0.130526 0.637288
v -0.858616 0.130526 0.495722
v -0.931653 0.130526 0.339094
v -0.976383 0.130526 0.172163
v -0.991445 0.130526 0.000000
v -0.976383 0.130526 -0.172163
v -0.931653 0.130526 -0.339094
v -0.858616 0.130526 -0.495722
v -0.759491 0.130526 -0.637288
v -0.637288 0.130526 -0.759491
v -0.495722 0.130526 -0.858616
v -0.339094 0.130526 -0.931653
v -0.172163 0.130526 -0.976383
v -0.000000 0.130526 -0.991445
v 0.172163 0.130526 -0.976383
v 0.339094 0.130526 -0.931653
v 0.495722 0.130526 -0.858616
v 0.637288 0.130526 -0.759491
v 0.759491 0.130526 -0.637288
v 0.858616 0.130526 -0.495722
v 0.931653 0.130526 -0.339094
v 0.976383 0.130526 -0.172163
v 0.991445 0.130526 -0.000000
v 1.000000 0.000000 0.000000
v 0.984808 0.000000 0.173648
v 0.939693 0.000000 0.342020
v 0.866025 0.000000 0.500000
v 0.766044 0.000000 0.642788
v 0.642788 0.000000 0.766044
v 0.500000 0.000000 0.866025
v 0.342020 0.000000 0.939693
v 0.173648 0.000000 0.984808
v 0.000000 0.000000 1.000000
v -0.173648 0.000000 0.984808
v -0.342020 0.000000 0.939693
v -0.500000 0.000000 0.866025
v -0.642788 0.000000 0.766044
v -0.766044 0.000000 0.642788
v -0.866025 0.000000 0.500000
v -0.939693 0.000000 0.342020
v -0.984808 0.000000 0.173648
v -1.000000 0.000000 0.000000
v -0.984808 0.000000 -0.173648
v -0.939693 0.000000 -0.342020
v -0.866025 0.000000 -0.500000
v -0.766044 0.000000 -0.642788
v -0.642788 0.000000 -0.766044
v -0.500000 0.000000 -0.866025
v -0.342020 0.000000 -0.939693
v -0.173648 0.000000 -0.984808
v -0.000000 0.000000 -1.000000
v 0.173648 0.000000 -0.984808
v 0.342020 0.000000 -0.939693
v 0.500000 0.000000 -0.866025
v 0.642788 0.000000 -0.766044
v 0.766044 0.000000 -0.642788
v 0.866025 0.000000 -0.500000
v 0.939693 0.000000 -0.342020
v 0.984808 0.000000 -0.173648
v 1.000000 0.000000 -0.000000
v 0.991445 -0.130526 0.000000
v 0.976383 -0.130526 0.172163
v 0.931653 -0.130526 0.339094
v 0.858616 -0.130526 0.495722
v 0.759491 -0.130526 0.637288
v 0.637288 -0.130526 0.759491
v 0.495722 -0.130526 0.858616
v 0.339094 -0.130526 0.931653
v 0.172163 -0.130526 0.976383
v 0.000000 -0.130526 0.991445
v -0.172163 -0.130526 0.976383
v -0.339094 -0.130526 0.931653
v -0.495722 -0.130526 0.858616
v -0.637288 -0.130526 0.759491
v -0.759491 -0.130526 0.637288
v -0.858616 -0.130526 0.495722
v -0.931653 -0.130526 0.339094
v -0.976383 -0.130526 0.172163
v -0.991445 -0.130526 0.000000
v -0.976383 -0.130526 -0.172163
v -0.931653 -0.130526 -0.339094
v -0.858616 -0.130526 -0.495722
v -0.759491 -0.130526 -0.637288
v -0.637288 -0.130526 -0.759491
v -0.495722 -0.130526 -0.858616
v -0.339094 -0.130526 -0.931653
v -0.172163 -0.130526 -0.976383
v -0.000000 -0.130526 -0.991445
v 0.172163 -0.130526 -0.976383
v 0.339094 -0.130526 -0.931653
v 0.495722 -0.130526 -0.858616
v 0.637288 -0.130526 -0.759491
v 0.759491 -0.130526 -0.637288
v 0.858616 -0.130526 -0.495722
v 0.931653 -0.130526 -0.339094
v 0.976383 -0.130526 -0.172163
v 0.991445 -0.130526 -0.000000
v 0.965926 -0.258819 0.000000
v 0.951251 -0.258819 0.167731
v 0.907673 -0.258819 0.330366
v 0.836516 -0.258819 0.482963
v 0.739942 -0.258819 0.620885
v 0.620885 -0.258819 0.739942
v 0.482963 -0.258819 0.836516
v 0.330366 -0.258819 0.907673
v 0.167731 -0.258819 0.951251
v 0.000000 -0.258819 0.965926
v -0.167731 -0.258819 0.951251
v -0.330366 -0.258819 0.907673
v -0.482963 -0.258819 0.836516
v -0.620885 -0.258819 0.739942
v -0.739942 -0.258819 0.620885
v -0.836516 -0.258819 0.482963
v -0.907673 -0.258819 0.330366
v -0.951251 -0.258819 0.167731
v -0.965926 -0.258819 0.000000
v -0.951251 -0.258819 -0.167731
v -0.907673 -0.258819 -0.330366
v -0.836516 -0.258819 -0.482963
v -0.739942 -0.258819 -0.620885
v -0.620885 -0.258819 -0.739942
v -0.482963 -0.258819 -0.836516
v -0.330366 -0.258819 -0.907673
v -0.167731 -0.258819 -0.951251
v -0.000000 -0.258819 -0.965926
v 0.167731 -0.258819 -0.951251
v 0.330366 -0.258819 -0.907673
v 0.482963 -0.258819 -0.836516
v 0.620885 -0.258819 -0.739942
v 0.739942 -0.258819 -0.620885
v 0.836516 -0.258819 -0.482963
v 0.907673 -0.258819 -0.330366
v 0.951251 -0.258819 -0.167731
v 0.965926 -0.258819 -0.000000
v 0.923880 -0.382683 0.000000
v 0.909844 -0.382683 0.160430
v 0.868163 -0.382683 0.315985
v 0.800103 -0.382683 0.461940
v 0.707733 -0.382683 0.593858
v 0.593858 -0.382683 0.707733
v 0.461940 -0.382683 0.800103
v 0.315985 -0.382683 0.868163
v 0.160430 -0.382683 0.909844
v 0.000000 -0.382683 0.923880
v -0.160430 -0.382683 0.909844
v -0.315985 -0.382683 0.868163
v -0.461940 -0.382683 0.800103
v -0.593858 -0.382683 0.707733
v -0.707733 -0.382683 0.593858
v -0.800103 -0.382683 0.461940
v -0.868163 -0.382683 0.315985
v -0.909844 -0.382683 0.160430
v -0.923880 -0.382683 0.000000
v -0.909844 -0.382683 -0.160430
v -0.868163 -0.382683 -0.315985
v -0.800103 -0.382683 -0.461940
v -0.707733 -0.382683 -0.593858
v -0.593858 -0.382683 -0.707733
v -0.461940 -0.382683 -0.800103
v -0.315985 -0.382683 -0.868163
v -0.160430 -0.382683 -0.909844
v -0.000000 -0.382683 -0.923880
v 0.160430 -0.382683 -0.909844
v 0.315985 -0.382683 -0.868163
v 0.461940 -0.382683 -0.800103
v 0.593858 -0.382683 -0.707733
v 0.707733 -0.382683 -0.593858
v 0.800103 -0.382683 -0.461940
v 0.868163 -0.382683 -0.315985
v 0.909844 -0.382683 -0.160430
v 0.923880 -0.382683 -0.000000
v 0.866025 -0.500000 0.000000
v 0.852869 -0.500000 0.150384
v 0.813798 -0.500000 0.296198
v 0.750000 -0.500000 0.433013
v 0.663414 -0.500000 0.556670
v 0.556670 -0.500000 0.663414
v 0.433013 -0.500000 0.750000
v 0.296198 -0.500000 0.813798
v 0.150384 -0.500000 0.852869
v 0.000000 -0.500000 0.866025
v -0.150384 -0.500000 0.852869
v -0.296198 -0.500000 0.813798
v -0.433013 -0.500000 0.750000
v -0.556670 -0.500000 0.663414
v -0.663414 -0.500000 0.556670
v -0.750000 -0.500000 0.433013
v -0.813798 -0.500000 0.296198
v -0.852869 -0.500000 0.150384
v -0.866025 -0.500000 0.000000
v -0.852869 -0.500000 -0.150384
v -0.813798 -0.500000 -0.296198
v -0.750000 -0.500000 -0.433013
v -0.663414 -0.500000 -0.556670
v -0.556670 -0.500000 -0.663414
v -0.433013 -0.500000 -0.750000
v -0.296198 -0.500000 -0.813798
v -0.150384 -0.500000 -0.852869
v -0.000000 -0.500000 -0.866025
v 0.150384 -0.500000 -0.852869
v 0.296198 -0.500000 -0.813798
v 0.433013 -0.500000 -0.750000
v 0.556670 -0.500000 -0.663414
v 0.663414 -0.500000 -0.556670
v 0.750000 -0.500000 -0.433013
v 0.813798 -0.500000 -0.296198
v 0.852869 -0.500000 -0.150384
v 0.866025 -0.500000 -0.000000
v 0.793353 -0.608761 0.000000
v 0.781301 -0.608761 0.137764
v 0.745508 -0.608761 0.271343
v 0.687064 -0.608761 0.396677
v 0.607744 -0.608761 0.509958
v 0.509958 -0.608761 0.607744
v 0.396677 -0.608761 0.687064
v 0.271343 -0.608761 0.745508
v 0.137764 -0.608761 0.781301
v 0.000000 -0.608761 0.793353
v -0.137764 -0.608761 0.781301
v -0.271343 -0.608761 0.745508
v -0.396677 -0.608761 0.687064
v -0.509958 -0.608761 0.607744
v -0.607744 -0.608761 0.509958
v -0.687064 -0.608761 0.396677
v -0.745508 -0.608761 0.271343
v -0.781301 -0.608761 0.137764
v -0.793353 -0.608761 0.000000
v -0.781301 -0.608761 -0.137764
v -0.745508 -0.608761 -0.271343
v -0.687064 -0.608761 -0.396677
v -0.607744 -0.608761 -0.509958
v -0.509958 -0.608761 -0.607744
v -0.396677 -0.608761 -0.687064
v -0.271343 -0.608761 -0.745508
v -0.137764 -0.608761 -0.781301
v -0.000000 -0.608761 -0.793353
v 0.137764 -0.608761 -0.781301
v 0.271343 -0.608761 -0.745508
v 0.396677 -0.608761 -0.687064
v 0.509958 -0.608761 -0.607744
v 0.607744 -0.608761 -0.509958
v 0.687064 -0.608761 -0.396677
v 0.745508 -0.608761 -0.271343
v 0.781301 -0.608761 -0.137764
v 0.793353 -0.608761 -0.000000
v 0.707107 -0.707107 0.000000
v 0.696364 -0.707107 0.122788
v 0.664463 -0.707107 0.241845
v 0.612372 -0.707107 0.353553
v 0.541675 -0.707107 0.454519
v 0.454519 -0.707107 0.541675
v 0.353553 -0.707107 0.612372
v 0.241845 -0.707107 0.664463
v 0.122788 -0.707107 0.696364
v 0.000000 -0.707107 0.707107
v -0.122788 -0.707107 0.696364
v -0.241845 -0.707107 0.664463
v -0.353553 -0.707107 0.612372
v -0.454519 -0.707107 0.541675
v -0.541675 -0.707107 0.454519
v -0.612372 -0.707107 0.353553
v -0.664463 -0.707107 0.241845
v -0.696364 -0.707107 0.122788
v -0.707107 -0.707107 0.000000
v -0.696364 -0.707107 -0.122788
v -0.664463 -0.707107 -0.241845
v -0.612372 -0.707107 -0.353553
v -0.541675 -0.707107 -0.454519
v -0.454519 -0.707107 -0.541675
v -0.353553 -0.707107 -0.612372
v -0.241845 -0.707107 -0.664463
v -0.122788 -0.707107 -0.696364
v -0.000000 -0.707107 -0.707107
v 0.122788 -0.707107 -0.696364
v 0.241845 -0.707107 -0.664463
v 0.353553 -0.707107 -0.612372
v 0.454519 -0.707107 -0.541675
v 0.541675 -0.707107 -0.454519
v 0.612372 -0.707107 -0.353553
v 0.664463 -0.707107 -0.241845
v 0.696364 -0.707107 -0.122788
v 0.707107 -0.707107 -0.000000
v 0.608761 -0.793353 0.000000
v 0.599513 -0.793353 0.105710
v 0.572049 -0.793353 0.208209
v 0.527203 -0.793353 0.304381
v 0.466338 -0.793353 0.391304
v 0.391304 -0.793353 0.466338
v 0.304381 -0.793353 0.527203
v 0.208209 -0.793353 0.572049
v 0.105710 -0.793353 0.599513
v 0.000000 -0.793353 0.608761
v -0.105710 -0.793353 0.599513
v -0.208209 -0.793353 0.572049
v -0.304381 -0.793353 0.527203
v -0.391304 -0.793353 0.466338
v -0.466338 -0.793353 0.391304
v -0.527203 -0.793353 0.304381
v -0.572049 -0.793353 0.208209
v -0.599513 -0.793353 0.105710
v -0.608761 -0.793353 0.000000
v -0.599513 -0.793353 -0.105710
v -0.572049 -0.793353 -0.208209
v -0.527203 -0.793353 -0.304381
v -0.466338 -0.793353 -0.391304
v -0.391304 -0.793353 -0.466338
v -0.304381 -0.793353 -0.527203
v -0.208209 -0.793353 -0.572049
v -0.105710 -0.793353 -0.599513
v -0.000000 -0.793353 -0.608761
v 0.105710 -0.793353 -0.599513
v 0.208209 -0.793353 -0.572049
v 0.304381 -0.793353 -0.527203
v 0.391304 -0.793353 -0.466338
v 0.466338 -0.793353 -0.391304
v 0.527203 -0.793353 -0.304381
v 0.572049 -0.793353 -0.208209
v 0.599513 -0.793353 -0.105710
v 0.608761 -0.793353 -0.000000
v 0.500000 -0.866025 0.000000
v 0.492404 -0.866025 0.086824
v 0.469846 -0.866025 0.171010
v 0.433013 -0.866025 0.250000
v 0.383022 -0.866025 0.321394
v 0.321394 -0.866025 0.383022
v 0.250000 -0.866025 0.433013
v 0.171010 -0.866025 0.469846
v 0.086824 -0.866025 0.492404
v 0.000000 -0.866025 0.500000
v -0.086824 -0.866025 0.492404
v -0.171010 -0.866025 0.469846
v -0.250000 -0.866025 0.433013
v -0.321394 -0.866025 0.383022
v -0.383022 -0.866025 0.321394
v -0.433013 -0.866025 0.250000
v -0.469846 -0.866025 0.171010
v -0.492404 -0.866025 0.086824
v -0.500000 -0.866025 0.000000
v -0.492404 -0.866025 -0.086824
v -0.469846 -0.866025 -0.171010
v -0.433013 -0.866025 -0.250000
v -0.383022 -0.866025 -0.321394
v -0.321394 -0.866025 -0.383022
v -0.250000 -0.866025 -0.433013
v -0.171010 -0.866025 -0.469846
v -0.086824 -0.866025 -0.492404
v -0.000000 -0.866025 -0.500000
v 0.086824 -0.866025 -0.492404
v 0.171010 -0.866025 -0.469846
v 0.250000 -0.866025 -0.433013
v 0.321394 -0.866025 -0.383022
v 0.383022 -0.866025 -0.321394
v 0.433013 -0.866025 -0.250000
v 0.469846 -0.866025 -0.171010
v 0.492404 -0.866025 -0.086824
v 0.500000 -0.866025 -0.000000
v 0.382683 -0.923880 0.000000
v 0.376870 -0.923880 0.066452
v 0.359605 -0.923880 0.130885
v 0.331414 -0.923880 0.191342
v 0.293153 -0.923880 0.245984
v 0.245984 -0.923880 0.293153
v 0.191342 -0.923880 0.331414
v 0.130885 -0.923880 0.359605
v 0.066452 -0.923880 0.376870
v 0.000000 -0.923880 0.382683
v -0.066452 -0.923880 0.376870
v -0.130885 -0.923880 0.359605
v -0.191342 -0.923880 0.331414
v -0.245984 -0.923880 0.293153
v -0.293153 -0.923880 0.245984
v -0.331414 -0.923880 0.191342
v -0.359605 -0.923880 0.130885
v -0.376870 -0.923880 0.066452
v -0.382683 -0.923880 0.000000
v -0.376870 -0.923880 -0.066452
v -0.359605 -0.923880 -0.130885
v -0.331414 -0.923880 -0.191342
v -0.293153 -0.923880 -0.245984
v -0.245984 -0.923880 -0.293153
v -0.191342 -0.923880 -0.331414
v -0.130885 -0.923880 -0.359605
v -0.066452 -0.923880 -0.376870
v -0.000000 -0.923880 -0.382683
v 0.066452 -0.923880 -0.376870
v 0.130885 -0.923880 -0.359605
v 0.191342 -0.923880 -0.331414
v 0.245984 -0.923880 -0.293153
v 0.293153 -0.923880 -0.245984
v 0.331414 -0.923880 -0.191342
v 0.359605 -0.923880 -0.130885
v 0.376870 -0.923880 -0.066452
v 0.382683 -0.923880 -0.000000
v 0.258819 -0.965926 0.000000
v 0.254887 -0.965926 0.044943
v 0.243210 -0.965926 0.088521
v 0.224144 -0.965926 0.129410
v 0.198267 -0.965926 0.166366
v 0.166366 -0.965926 0.198267
v 0.129410 -0.965926 0.224144
v 0.088521 -0.965926 0.243210
v 0.044943 -0.965926 0.254887
v 0.000000 -0.965926 0.258819
v -0.044943 -0.965926 0.254887
v -0.088521 -0.965926 0.243210
v -0.129410 -0.965926 0.224144
v -0.166366 -0.965926 0.198267
v -0.198267 -0.965926 0.166366
v -0.224144 -0.965926 0.129410
v -0.243210 -0.965926 0.088521
v -0.254887 -0.965926 0.044943
v -0.258819 -0.965926 0.000000
v -0.254887 -0.965926 -0.044943
v -0.243210 -0.965926 -0.088521
v -0.224144 -0.965926 -0.129410
v -0.198267 -0.965926 -0.166366
v -0.166366 -0.965926 -0.198267
v -0.129410 -0.965926 -0.224144
v -0.088521 -0.965926 -0.243210
v -0.044943 -0.965926 -0.254887
v -0.000000 -0.965926 -0.258819
v 0.044943 -0.965926 -0.254887
v 0.088521 -0.965926 -0.243210
v 0.129410 -0.965926 -0.224144
v 0.166366 -0.965926 -0.198267
v 0.198267 -0.965926 -0.166366
v 0.224144 -0.965926 -0.129410
v 0.243210 -0.965926 -0.088521
v 0.254887 -0.965926 -0.044943
v 0.258819 -0.965926 -0.000000
v 0.130526 -0.991445 0.000000
v 0.128543 -0.991445 0.022666
v 0.122654 -0.991445 0.044643
v 0.113039 -0.991445 0.065263
v 0.099989 -0.991445 0.083901
v 0.083901 -0.991445 0.099989
v 0.065263 -0.991445 0.113039
v 0.044643 -0.991445 0.122654
v 0.022666 -0.991445 0.128543
v 0.000000 -0.991445 0.130526
v -0.022666 -0.991445 0.128543
v -0.044643 -0.991445 0.122654
v -0.065263 -0.991445 0.113039
v -0.083901 -0.991445 0.099989
v -0.099989 -0.991445 0.083901
v -0.113039 -0.991445 0.065263
v -0.122654 -0.991445 0.044643
v -0.128543 -0.991445 0.022666
v -0.130526 -0.991445 0.000000
v -0.128543 -0.991445 -0.022666
v -0.122654 -0.991445 -0.044643
v -0.113039 -0.991445 -0.065263
v -0.099989 -0.991445 -0.083901
v -0.083901 -0.991445 -0.099989
v -0.065263 -0.991445 -0.113039
v -0.044643 -0.991445 -0.122654
v -0.022666 -0.991445 -0.128543
v -0.000000 -0.991445 -0.130526
v 0.022666 -0.991445 -0.128543
v 0.044643 -0.991445 -0.122654
v 0.065263 -0.991445 -0.113039
v 0.083901 -0.991445 -0.099989
v 0.099989 -0.991445 -0.083901
v 0.113039 -0.991445 -0.065263
v 0.122654 -0.991445 -0.044643
v 0.128543 -0.991445 -0.022666
v 0.130526 -0.991445 -0.000000
v 0.000000 -1.000000 0.000000
v 0.000000 -1.000000 0.000000
v 0.000000 -1.000000 0.000000
v 0.000000 -1.000000 0.000000
v 0.000000 -1.000000 0.000000
v 0.000000 -1.000000 0.000000
v 0.000000 -1.000000 0.000000
v 0.000000 -1.000000 0.000000
v 0.000000 -1.000000 0.000000
v 0.000000 -1.000000 0.000000
v -0.000000 -1.000000 0.000000
v -0.000000 -1.000000 0.000000
v -0.000000 -1.000000 0.000000
v -0.000000 -1.000000 0.000000
v -0.000000 -1.000000 0.000000
v -0.000000 -1.000000 0.000000
v -0.000000 -1.000000 0.000000
v -0.000000 -1.000000 0.000000
v -0.000000 -1.000000 0.000000
v -0.000000 -1.000000 -0.000000
v -0.000000 -1.000000 -0.000000
v -0.000000 -1.000000 -0.000000
v -0.000000 -1.000000 -0.000000
v -0.000000 -1.000000 -0.000000
v -0.000000 -1.000000 -0.000000
v -0.000000 -1.000000 -0.000000
v -0.000000 -1.000000 -0.000000
v -0.000000 -1.000000 -0.000000
v 0.000000 -1.000000 -0.000000
v 0.000000 -1.000000 -0.000000
v 0.000000 -1.000000 -0.000000
v 0.000000 -1.000000 -0.000000
v 0.000000 -1.000000 -0.000000
v 0.000000 -1.000000 -0.000000
v 0.000000 -1.000000 -0.000000
v 0.000000 -1.000000 -0.000000
v 0.000000 -1.000000 -0.000000
vn 0.000000 1.000000 0.000000
vn 0.000000 1.000000 0.000000
vn 0.000000 1.000000 0.000000
vn 0.000000 1.000000 0.000000
vn 0.000000 1.000000 0.000000
vn 0.000000 1.000000 0.000000
vn 0.000000 1.000000 0.000000
vn 0.000000 1.000000 0.000000
vn 0.000000 1.000000 0.000000
vn 0.000000 1.000000 0.000000
vn -0.000000 1.000000 0.000000
vn -0.000000 1.000000 0.000000
vn -0.000000 1.000000 0.000000
vn -0.000000 1.000000 0.000000
vn -0.000000 1.000000 0.000000
vn -0.000000 1.000000 0.000000
vn -0.000000 1.000000 0.000000
vn -0.000000 1.000000 0.000000
vn -0.000000 1.000000 0.000000
vn -0.000000 1.000000 -0.000000
vn -0.000000 1.000000 -0.000000
vn -0.000000 1.000000 -0.000000
vn -0.000000 1.000000 -0.000000
vn -0.000000 1.000000 -0.000000
vn -0.000000 1.000000 -0.000000
vn -0.000000 1.000000 -0.000000
vn -0.000000 1.000000 -0.000000
vn -0.000000 1.000000 -0.000000
vn 0.000000 1.000000 -0.000000
vn 0.000000 1.000000 -0.000000
vn 0.000000 1.000000 -0.000000
vn 0.000000 1.000000 -0.000000
vn 0.000000 1.000000 -0.000000
vn 0.000000 1.000000 -0.000000
vn 0.000000 1.000000 -0.000000
vn 0.000000 1.000000 -0.000000
vn 0.000000 1.000000 -0.000000
vn 0.130526 0.991445 0.000000
vn 0.128543 0.991445 0.022666
vn 0.122654 0.991445 0.044643
vn 0.113039 0.991445 0.065263
vn 0.099989 0.991445 0.083901
vn 0.083901 0.991445 0.099989
vn 0.065263 0.991445 0.113039
vn 0.044643 0.991445 0.122654
vn 0.022666 0.991445 0.128543
vn 0.000000 0.991445 0.130526
vn -0.022666 0.991445 0.128543
vn -0.044643 0.991445 0.122654
vn -0.065263 0.991445 0.113039
vn -0.083901 0.991445 0.099989
vn -0.099989 0.991445 0.083901
vn -0.113039 0.991445 0.065263
vn -0.122654 0.991445 0.044643
vn -0.128543 0.991445 0.022666
vn -0.130526 0.991445 0.000000
vn -0.128543 0.991445 -0.022666
vn -0.122654 0.991445 -0.044643
vn -0.113039 0.991445 -0.065263
vn -0.099989 0.991445 -0.083901
vn -0.083901 0.991445 -0.099989
vn -0.065263 0.991445 -0.113039
vn -0.044643 0.991445 -0.122654
vn -0.022666 0.991445 -0.128543
vn -0.000000 0.991445 -0.130526
vn 0.022666 0.991445 -0.128543
vn 0.044643 0.991445 -0.122654
vn 0.065263 0.991445 -0.113039
vn 0.083901 0.991445 -0.099989
vn 0.099989 0.991445 -0.083901
vn 0.113039 0.991445 -0.065263
vn 0.122654 0.991445 -0.044643
vn 0.128543 0.991445 -0.022666
vn 0.130526 0.991445 -0.000000
vn 0.258819 0.965926 0.000000
vn 0.254887 0.965926 0.044943
vn 0.243210 0.965926 0.088521
vn 0.224144 0.965926 0.129410
vn 0.198267 0.965926 0.166366
vn 0.166366 0.965926 0.198267
vn 0.129410 0.965926 0.224144
vn 0.088521 0.965926 0.243210
vn 0.044943 0.965926 0.254887
vn 0.000000 0.965926 0.258819
vn -0.044943 0.965926 0.254887
vn -0.088521 0.965926 0.243210
vn -0.129410 0.965926 0.224144
vn -0.166366 0.965926 0.198267
vn -0.198267 0.965926 0.166366
vn -0.224144 0.965926 0.129410
vn -0.243210 0.965926 0.088521
vn -0.254887 0.965926 0.044943
vn -0.258819 0.965926 0.000000
vn -0.254887 0.965926 -0.044943
vn -0.243210 0.965926 -0.088521
vn -0.224144 0.965926 -0.129410
vn -0.198267 0.965926 -0.166366
vn -0.166366 0.965926 -0.198267
vn -0.129410 0.965926 -0.224144
vn -0.088521 0.965926 -0.243210
vn -0.044943 0.965926 -0.254887
vn -0.000000 0.965926 -0.258819
vn 0.044943 0.965926 -0.254887
vn 0.088521 0.965926 -0.243210
vn 0.129410 0.965926 -0.224144
vn 0.166366 0.965926 -0.198267
vn 0.198267 0.965926 -0.166366
vn 0.224144 0.965926 -0.129410
vn 0.243210 0.965926 -0.088521
vn 0.254887 0.965926 -0.044943
vn 0.258819 0.965926 -0.000000
vn 0.382683 0.923880 0.000000
vn 0.376870 0.923880 0.066452
vn 0.359605 0.923880 0.130885
vn 0.331414 0.923880 0.191342
vn 0.293153 0.923880 0.245984
vn 0.245984 0.923880 0.293153
vn 0.191342 0.923880 0.331414
vn 0.130885 0.923880 0.359605
vn 0.066452 0.923880 0.376870
vn 0.000000 0.923880 0.382683
vn -0.066452 0.923880 0.376870
vn -0.130885 0.923880 0.359605
vn -0.191342 0.923880 0.331414
vn -0.245984 0.923880 0.293153
vn -0.293153 0.923880 0.245984
vn -0.331414 0.923880 0.191342
vn -0.359605 0.923880 0.130885
vn -0.376870 0.923880 0.066452
vn -0.382683 0.923880 0.000000
vn -0.376870 0.923880 -0.066452
vn -0.359605 0.923880 -0.130885
vn -0.331414 0.923880 -0.191342
vn -0.293153 0.923880 -0.245984
vn -0.245984 0.923880 -0.293153
vn -0.191342 0.923880 -0.331414
vn -0.130885 0.923880 -0.359605
vn -0.066452 0.923880 -0.376870
vn -0.000000 0.923880 -0.382683
vn 0.066452 0.923880 -0.376870
vn 0.130885 0.923880 -0.359605
vn 0.191342 0.923880 -0.331414
vn 0.245984 0.923880 -0.293153
vn 0.293153 0.923880 -0.245984
vn 0.331414 0.923880 -0.191342
vn 0.359605 0.923880 -0.130885
vn 0.376870 0.923880 -0.066452
vn 0.382683 0.923880 -0.000000
vn 0.500000 0.866025 0.000000
vn 0.492404 0.866025 0.086824
vn 0.469846 0.866025 0.171010
vn 0.433013 0.866025 0.250000
vn 0.383022 0.866025 0.321394
vn 0.321394 0.866025 0.383022
vn 0.250000 0.866025 0.433013
vn 0.171010 0.866025 0.469846
vn 0.086824 0.866025 0.492404
vn 0.000000 0.866025 0.500000
vn -0.086824 0.866025 0.492404
vn -0.171010 0.866025 0.469846
vn -0.250000 0.866025 0.433013
vn -0.321394 0.866025 0.383022
vn -0.383022 0.866025 0.321394
vn -0.433013 0.866025 0.250000
vn -0.469846 0.866025 0.171010
vn -0.492404 0.866025 0.086824
vn -0.500000 0.866025 0.000000
vn -0.492404 0.866025 -0.086824
vn -0.469846 0.866025 -0.171010
vn -0.433013 0.866025 -0.250000
vn -0.383022 0.866025 -0.321394
vn -0.321394 0.866025 -0.383022
vn -0.250000 0.866025 -0.433013
vn -0.171010 0.866025 -0.469846
vn -0.086824 0.866025 -0.492404
vn -0.000000 0.866025 -0.500000
vn 0.086824 0.866025 -0.492404
vn 0.171010 0.866025 -0.469846
vn 0.250000 0.866025 -0.433013
vn 0.321394 0.866025 -0.383022
vn 0.383022 0.866025 -0.321394
vn 0.433013 0.866025 -0.250000
vn 0.469846 0.866025 -0.171010
vn 0.492404 0.866025 -0.086824
vn 0.500000 0.866025 -0.000000
vn 0.608761 0.793353 0.000000
vn 0.599513 0.793353 0.105710
vn 0.572049 0.793353 0.208209
vn 0.527203 0.793353 0.304381
vn 0.466338 0.793353 0.391304
vn 0.391304 0.793353 0.466338
vn 0.304381 0.793353 0.527203
vn 0.208209 0.793353 0.572049
vn 0.105710 0.793353 0.599513
vn 0.000000 0.793353 0.608761
vn -0.105710 0.793353 0.599513
vn -0.208209 0.793353 0.572049
vn -0.304381 0.793353 0.527203
vn -0.391304 0.793353 0.466338
vn -0.466338 0.793353 0.391304
vn -0.527203 0.793353 0.304381
vn -0.572049 0.793353 0.208209
vn -0.599513 0.793353 0.105710
vn -0.608761 0.793353 0.000000
vn -0.599513 0.793353 -0.105710
vn -0.572049 0.793353 -0.208209
vn -0.527203 0.793353 -0.304381
vn -0.466338 0.793353 -0.391304
vn -0.391304 0.793353 -0.466338
vn -0.304381 0.793353 -0.527203
vn -0.208209 0.793353 -0.572049
vn -0.105710 0.793353 -0.599513
vn -0.000000 0.793353 -0.608761
vn 0.105710 0.793353 -0.599513
vn 0.208209 0.793353 -0.572049
vn 0.304381 0.793353 -0.527203
vn 0.391304 0.793353 -0.466338
vn 0.466338 0.793353 -0.391304
vn 0.527203 0.793353 -0.304381
vn 0.572049 0.793353 -0.208209
vn 0.599513 0.793353 -0.105710
vn 0.608761 0.793353 -0.000000
vn 0.707107 0.707107 0.000000
vn 0.696364 0.707107 0.122788
vn 0.664463 0.707107 0.241845
vn 0.612372 0.707107 0.353553
vn 0.541675 0.707107 0.454519
vn 0.454519 0.707107 0.541675
vn 0.353553 0.707107 0.612372
vn 0.241845 0.707107 0.664463
vn 0.122788 0.707107 0.696364
vn 0.000000 0.707107 0.707107
vn -0.122788 0.707107 0.696364
vn -0.241845 0.707107 0.664463
vn -0.353553 0.707107 0.612372
vn -0.454519 0.707107 0.541675
vn -0.541675 0.707107 0.454519
vn -0.612372 0.707107 0.353553
vn -0.664463 0.707107 0.241845
vn -0.696364 0.707107 0.122788
vn -0.707107 0.707107 0.000000
vn -0.696364 0.707107 -0.122788
vn -0.664463 0.707107 -0.241845
vn -0.612372 0.707107 -0.353553
vn -0.541675 0.707107 -0.454519
vn -0.454519 0.707107 -0.541675
vn -0.353553 0.707107 -0.612372
vn -0.241845 0.707107 -0.664463
vn -0.122788 0.707107 -0.696364
vn -0.000000 0.707107 -0.707107
vn 0.122788 0.707107 -0.696364
vn 0.241845 0.707107 -0.664463
vn 0.353553 0.707107 -0.612372
vn 0.454519 0.707107 -0.541675
vn 0.541675 0.707107 -0.454519
vn 0.612372 0.707107 -0.353553
vn 0.664463 0.707107 -0.241845
vn 0.696364 0.707107 -0.122788
vn 0.707107 0.707107 -0.000000
vn 0.793353 0.608761 0.000000
vn 0.781301 0.608761 0.137764
vn 0.745508 0.608761 0.271343
vn 0.687064 0.608761 0.396677
vn 0.607744 0.608761 0.509958
vn 0.509958 0.608761 0.607744
vn 0.396677 0.608761 0.687064
vn 0.271343 0.608761 0.745508
vn 0.137764 0.608761 0.781301
vn 0.000000 0.608761 0.793353
vn -0.137764 0.608761 0.781301
vn -0.271343 0.608761 0.745508
vn -0.396677 0.608761 0.687064
vn -0.509958 0.608761 0.607744
vn -0.607744 0.608761 0.509958
vn -0.687064 0.608761 0.396677
vn -0.745508 0.608761 0.271343
vn -0.781301 0.608761 0.137764
vn -0.793353 0.608761 0.000000
vn -0.781301 0.608761 -0.137764
vn -0.745508 0.608761 -0.271343
vn -0.687064 0.608761 -0.396677
vn -0.607744 0.608761 -0.509958
vn -0.509958 0.608761 -0.607744
vn -0.396677 0.608761 -0.687064
vn -0.271343 0.608761 -0.745508
vn -0.137764 0.608761 -0.781301
vn -0.000000 0.608761 -0.793353
vn 0.137764 0.608761 -0.781301
vn 0.271343 0.608761 -0.745508
vn 0.396677 0.608761 -0.687064
vn 0.509958 0.608761 -0.607744
vn 0.607744 0.608761 -0.509958
vn 0.687064 0.608761 -0.396677
vn 0.745508 0.608761 -0.271343
vn 0.781301 0.608761 -0.137764
vn 0.793353 0.608761 -0.000000
vn 0.866025 0.500000 0.000000
vn 0.852869 0.500000 0.150384
vn 0.813798 0.500000 0.296198
vn 0.750000 0.500000 0.433013
vn 0.663414 0.500000 0.556670
vn 0.556670 0.500000 0.663414
vn 0.433013 0.500000 0.750000
vn 0.296198 0.500000 0.813798
vn 0.150384 0.500000 0.852869
vn 0.000000 0.500000 0.866025
vn -0.150384 0.500000 0.852869
vn -0.296198 0.500000 0.813798
vn -0.433013 0.500000 0.750000
vn -0.556670 0.500000 0.663414
vn -0.663414 0.500000 0.556670
vn -0.750000 0.500000 0.433013
vn -0.813798 0.500000 0.296198
vn -0.852869 0.500000 0.150384
vn -0.866025 0.500000 0.000000
vn -0.852869 0.500000 -0.150384
vn -0.813798 0.500000 -0.296198
vn -0.750000 0.500000 -0.433013
vn -0.663414 0.500000 -0.556670
vn -0.556670 0.500000 -0.663414
vn -0.433013 0.500000 -0.750000
vn -0.296198 0.500000 -0.813798
vn -0.150384 0.500000 -0.852869
vn -0.000000 0.500000 -0.866025
vn 0.150384 0.500000 -0.852869
vn 0.296198 0.500000 -0.813798
vn 0.433013 0.500000 -0.750000
vn 0.556670 0.500000 -0.663414
vn 0.663414 0.500000 -0.556670
vn 0.750000 0.500000 -0.433013
vn 0.813798 0.500000 -0.296198
vn 0.852869 0.500000 -0.150384
vn 0.866025 0.500000 -0.000000
vn 0.923880 0.382683 0.000000
vn 0.909844 0.382683 0.160430
vn 0.868163 0.382683 0.315985
vn 0.800103 0.382683 0.461940
vn 0.707733 0.382683 0.593858
vn 0.593858 0.382683 0.707733
vn 0.461940 0.382683 0.800103
vn 0.315985 0.382683 0.868163
vn 0.160430 0.382683 0.909844
vn 0.000000 0.382683 0.923880
vn -0.160430 0.382683 0.909844
vn -0.315985 0.382683 0.868163
vn -0.461940 0.382683 0.800103
vn -0.593858 0.382683 0.707733
vn -0.707733 0.382683 0.593858
vn -0.800103 0.382683 0.461940
vn -0.868163 0.382683 0.315985
vn -0.909844 0.382683 0.160430
vn -0.923880 0.382683 0.000000
vn -0.909844 0.382683 -0.160430
vn -0.868163 0.382683 -0.315985
vn -0.800103 0.382683 -0.461940
vn -0.707733 0.382683 -0.593858
vn -0.593858 0.382683 -0.707733
vn -0.461940 0.382683 -0.800103
vn -0.315985 0.382683 -0.868163
vn -0.160430 0.382683 -0.909844
vn -0.000000 0.382683 -0.923880
vn 0.160430 0.382683 -0.909844
vn 0.315985 0.382683 -0.868163
vn 0.461940 0.382683 -0.800103
vn 0.593858 0.382683 -0.707733
vn 0.707733 0.382683 -0.593858
vn 0.800103 0.382683 -0.461940
vn 0.868163 0.382683 -0.315985
vn 0.909844 0.382683 -0.160430
vn 0.923880 0.382683 -0.000000
vn 0.965926 0.258819 0.000000
vn 0.951251 0.258819 0.167731
vn 0.907673 0.258819 0.330366
vn 0.836516 0.258819 0.482963
vn 0.739942 0.258819 0.620885
vn 0.620885 0.258819 0.739942
vn 0.482963 0.258819 0.836516
vn 0.330366 0.258819 0.907673
vn 0.167731 0.258819 0.951251
vn 0.000000 0.258819 0.965926
vn -0.167731 0.258819 0.951251
vn -0.330366 0.258819 0.907673
vn -0.482963 0.258819 0.836516
vn -0.620885 0.258819 0.739942
vn -0.739942 0.258819 0.620885
vn -0.836516 0.258819 0.482963
vn -0.907673 0.258819 0.330366
vn -0.951251 0.258819 0.167731
vn -0.965926 0.258819 0.000000
vn -0.951251 0.258819 -0.167731
vn -0.907673 0.258819 -0.330366
vn -0.836516 0.258819 -0.482963
vn -0.739942 0.258819 -0.620885
vn -0.620885 0.258819 -0.739942
vn -0.482963 0.258819 -0.836516
vn -0.330366 0.258819 -0.907673
vn -0.167731 0.258819 -0.951251
vn -0.000000 0.258819 -0.965926
vn 0.167731 0.258819 -0.951251
vn 0.330366 0.258819 -0.907673
vn 0.482963 0.258819 -0.836516
vn 0.620885 0.258819 -0.739942
vn 0.739942 0.258819 -0.620885
vn 0.836516 0.258819 -0.482963
vn 0.907673 0.258819 -0.330366
vn 0.951251 0.258819 -0.167731
vn 0.965926 0.258819 -0.000000
vn 0.991445 0.130526 0.000000
vn 0.976383 0.130526 0.172163
vn 0.931653 0.130526 0.339094
vn 0.858616 0.130526 0.495722
vn 0.759491 0.130526 0.637288
vn 0.637288 0.130526 0.759491
vn 0.495722 0.130526 0.858616
vn 0.339094 0.130526 0.931653
vn 0.172163 0.130526 0.976383
vn 0.000000 0.130526 0.991445
vn -0.172163 0.130526 0.976383
vn -0.339094 0.130526 0.931653
vn -0.495722 0.130526 0.858616
vn -0.637288 0.130526 0.759491
vn -0.759491 0.130526 0.637288
vn -0.858616 0.130526 0.495722
vn -0.931653 0.130526 0.339094
vn -0.976383 0.130526 0.172163
vn -0.991445 0.130526 0.000000
vn -0.976383 0.130526 -0.172163
vn -0.931653 0.130526 -0.339094
vn -0.858616 0.130526 -0.495722
vn -0.759491 0.130526 -0.637288
vn -0.637288 0.130526 -0.759491
vn -0.495722 0.130526 -0.858616
vn -0.339094 0.130526 -0.931653
vn -0.172163 0.130526 -0.976383
vn -0.000000 0.130526 -0.991445
vn 0.172163 0.130526 -0.976383
vn 0.339094 0.130526 -0.931653
vn 0.495722 0.130526 -0.858616
vn 0.637288 0.130526 -0.759491
vn 0.759491 0.130526 -0.637288
vn 0.858616 0.130526 -0.495722
vn 0.931653 0.130526 -0.339094
vn 0.976383 0.130526 -0.172163
vn 0.991445 0.130526 -0.000000
vn 1.000000 0.000000 0.000000
vn 0.984808 0.000000 0.173648
vn 0.939693 0.000000 0.342020
vn 0.866025 0.000000 0.500000
vn 0.766044 0.000000 0.642788
vn 0.642788 0.000000 0.766044
vn 0.500000 0.000000 0.866025
vn 0.342020 0.000000 0.939693
vn 0.173648 0.000000 0.984808
vn 0.000000 0.000000 1.000000
vn -0.173648 0.000000 0.984808
vn -0.342020 0.000000 0.939693
vn -0.500000 0.000000 0.866025
vn -0.642788 0.000000 0.766044
vn -0.766044 0.000000 0.642788
vn -0.866025 0.000000 0.500000
vn -0.939693 0.000000 0.342020
vn -0.984808 0.000000 0.173648
vn -1.000000 0.000000 0.000000
vn -0.984808 0.000000 -0.173648
vn -0.939693 0.000000 -0.342020
vn -0.866025 0.000000 -0.500000
vn -0.766044 0.000000 -0.642788
vn -0.642788 0.000000 -0.766044
vn -0.500000 0.000000 -0.866025
vn -0.342020 0.000000 -0.939693
vn -0.173648 0.000000 -0.984808
vn -0.000000 0.000000 -1.000000
vn 0.173648 0.000000 -0.984808
vn 0.342020 0.000000 -0.939693
vn 0.500000 0.000000 -0.866025
vn 0.642788 0.000000 -0.766044
vn 0.766044 0.000000 -0.642788
vn 0.866025 0.000000 -0.500000
vn 0.939693 0.000000 -0.342020
vn 0.984808 0.000000 -0.173648
vn 1.000000 0.000000 -0.000000
vn 0.991445 -0.130526 0.000000
vn 0.976383 -0.130526 0.172163
vn 0.931653 -0.130526 0.339094
vn 0.858616 -0.130526 0.495722
vn 0.759491 -0.130526 0.637288
vn 0.637288 -0.130526 0.759491
vn 0.495722 -0.130526 0.858616
vn 0.339094 -0.130526 0.931653
vn 0.172163 -0.130526 0.976383
vn 0.000000 -0.130526 0.991445
vn -0.172163 -0.130526 0.976383
vn -0.339094 -0.130526 0.931653
vn -0.495722 -0.130526 0.858616
vn -0.637288 -0.130526 0.759491
vn -0.759491 -0.130526 0.637288
vn -0.858616 -0.130526 0.495722
vn -0.931653 -0.130526 0.339094
vn -0.976383 -0.130526 0.172163
vn -0.991445 -0.130526 0.000000
vn -0.976383 -0.130526 -0.172163
vn -0.931653 -0.130526 -0.339094
vn -0.858616 -0.130526 -0.495722
vn -0.759491 -0.130526 -0.637288
vn -0.637288 -0.130526 -0.759491
vn -0.495722 -0.130526 -0.858616
vn -0.339094 -0.130526 -0.931653
vn -0.172163 -0.130526 -0.976383
vn -0.000000 -0.130526 -0.991445
vn 0.172163 -0.130526 -0.976383
vn 0.339094 -0.130526 -0.931653
vn 0.495722 -0.130526 -0.858616
vn 0.637288 -0.130526 -0.759491
vn 0.759491 -0.130526 -0.637288
vn 0.858616 -0.130526 -0.495722
vn 0.931653 -0.130526 -0.339094
vn 0.976383 -0.130526 -0.172163
vn 0.991445 -0.130526 -0.000000
vn 0.965926 -0.258819 0.000000
vn 0.951251 -0.258819 0.167731
vn 0.907673 -0.258819 0.330366
vn 0.836516 -0.258819 0.482963
vn 0.739942 -0.258819 0.620885
vn 0.620885 -0.258819 0.739942
vn 0.482963 -0.258819 0.836516
vn 0.330366 -0.258819 0.907673
vn 0.167731 -0.258819 0.951251
vn 0.000000 -0.258819 0.965926
vn -0.167731 -0.258819 0.951251
vn -0.330366 -0.258819 0.907673
vn -0.482963 -0.258819 0.836516
vn -0.620885 -0.258819 0.739942
vn -0.739942 -0.258819 0.620885
vn -0.836516 -0.258819 0.482963
vn -0.907673 -0.258819 0.330366
vn -0.951251 -0.258819 0.167731
vn -0.965926 -0.258819 0.000000
vn -0.951251 -0.258819 -0.167731
vn -0.907673 -0.258819 -0.330366
vn -0.836516 -0.258819 -0.482963
vn -0.739942 -0.258819 -0.620885
vn -0.620885 -0.258819 -0.739942
vn -0.482963 -0.258819 -0.836516
vn -0.330366 -0.258819 -0.907673
vn -0.167731 -0.258819 -0.951251
vn -0.000000 -0.258819 -0.965926
vn 0.167731 -0.258819 -0.951251
vn 0.330366 -0.258819 -0.907673
vn 0.482963 -0.258819 -0.836516
vn 0.620885 -0.258819 -0.739942
vn 0.739942 -0.258819 -0.620885
vn 0.836516 -0.258819 -0.482963
vn 0.907673 -0.258819 -0.330366
vn 0.951251 -0.258819 -0.167731
vn 0.965926 -0.258819 -0.000000
vn 0.923880 -0.382683 0.000000
vn 0.909844 -0.382683 0.160430
vn 0.868163 -0.382683 0.315985
vn 0.800103 -0.382683 0.461940
vn 0.707733 -0.382683 0.593858
vn 0.593858 -0.382683 0.707733
vn 0.461940 -0.382683 0.800103
vn 0.315985 -0.382683 0.868163
vn 0.160430 -0.382683 0.909844
vn 0.000000 -0.382683 0.923880
vn -0.160430 -0.382683 0.909844
vn -0.315985 -0.382683 0.868163
vn -0.461940 -0.382683 0.800103
vn -0.593858 -0.382683 0.707733
vn -0.707733 -0.382683 0.593858
vn -0.800103 -0.382683 0.461940
vn -0.868163 -0.382683 0.315985
vn -0.909844 -0.382683 0.160430
vn -0.923880 -0.382683 0.000000
vn -0.909844 -0.382683 -0.160430
vn -0.868163 -0.382683 -0.315985
vn -0.800103 -0.382683 -0.461940
vn -0.707733 -0.382683 -0.593858
vn -0.593858 -0.382683 -0.707733
vn -0.461940 -0.382683 -0.800103
vn -0.315985 -0.382683 -0.868163
vn -0.160430 -0.382683 -0.909844
vn -0.000000 -0.382683 -0.923880
vn 0.160430 -0.382683 -0.909844
vn 0.315985 -0.382683 -0.868163
vn 0.461940 -0.382683 -0.800103
vn 0.593858 -0.382683 -0.707733
vn 0.707733 -0.382683 -0.593858
vn 0.800103 -0.382683 -0.461940
vn 0.868163 -0.382683 -0.315985
vn 0.909844 -0.382683 -0.160430
vn 0.923880 -0.382683 -0.000000
vn 0.866025 -0.500000 0.000000
vn 0.852869 -0.500000 0.150384
vn 0.813798 -0.500000 0.296198
vn 0.750000 -0.500000 0.433013
vn 0.663414 -0.500000 0.556670
vn 0.556670 -0.500000 0.663414
vn 0.433013 -0.500000 0.750000
vn 0.296198 -0.500000 0.813798
vn 0.150384 -0.500000 0.852869
vn 0.000000 -0.500000 0.866025
vn -0.150384 -0.500000 0.852869
vn -0.296198 -0.500000 0.813798
vn -0.433013 -0.500000 0.750000
vn -0.556670 -0.500000 0.663414
vn -0.663414 -0.500000 0.556670
vn -0.750000 -0.500000 0.433013
vn -0.813798 -0.500000 0.296198
vn -0.852869 -0.500000 0.150384
vn -0.866025 -0.500000 0.000000
vn -0.852869 -0.500000 -0.150384
vn -0.813798 -0.500000 -0.296198
vn -0.750000 -0.500000 -0.433013
vn -0.663414 -0.500000 -0.556670
vn -0.556670 -0.500000 -0.663414
vn -0.433013 -0.500000 -0.750000
vn -0.296198 -0.500000 -0.813798
vn -0.150384 -0.500000 -0.852869
vn -0.000000 -0.500000 -0.866025
vn 0.150384 -0.500000 -0.852869
vn 0.296198 -0.500000 -0.813798
vn 0.433013 -0.500000 -0.750000
vn 0.556670 -0.500000 -0.663414
vn 0.663414 -0.500000 -0.556670
vn 0.750000 -0.500000 -0.433013
vn 0.813798 -0.500000 -0.296198
vn 0.852869 -0.500000 -0.150384
vn 0.866025 -0.500000 -0.000000
vn 0.793353 -0.608761 0.000000
vn 0.781301 -0.608761 0.137764
vn 0.745508 -0.608761 0.271343
vn 0.687064 -0.608761 0.396677
vn 0.607744 -0.608761 0.509958
vn 0.509958 -0.608761 0.607744
vn 0.396677 -0.608761 0.687064
vn 0.271343 -0.608761 0.745508
vn 0.137764 -0.608761 0.781301
vn 0.000000 -0.608761 0.793353
vn -0.137764 -0.608761 0.781301
vn -0.271343 -0.608761 0.745508
vn -0.396677 -0.608761 0.687064
vn -0.509958 -0.608761 0.607744
vn -0.607744 -0.608761 0.509958
vn -0.687064 -0.608761 0.396677
vn -0.745508 -0.608761 0.271343
vn -0.781301 -0.608761 0.137764
vn -0.793353 -0.608761 0.000000
vn -0.781301 -0.608761 -0.137764
vn -0.745508 -0.608761 -0.271343
vn -0.687064 -0.608761 -0.396677
vn -0.607744 -0.608761 -0.509958
vn -0.509958 -0.608761 -0.607744
vn -0.396677 -0.608761 -0.687064
vn -0.271343 -0.608761 -0.745508
vn -0.137764 -0.608761 -0.781301
vn -0.000000 -0.608761 -0.793353
vn 0.137764 -0.608761 -0.781301
vn 0.271343 -0.608761 -0.745508
vn 0.396677 -0.608761 -0.687064
vn 0.509958 -0.608761 -0.607744
vn 0.607744 -0.608761 -0.509958
vn 0.687064 -0.608761 -0.396677
vn 0.745508 -0.608761 -0.271343
vn 0.781301 -0.608761 -0.137764
vn 0.793353 -0.608761 -0.000000
vn 0.707107 -0.707107 0.000000
vn 0.696364 -0.707107 0.122788
vn 0.664463 -0.707107 0.241845
vn 0.612372 -0.707107 0.353553
vn 0.541675 -0.707107 0.454519
vn 0.454519 -0.707107 0.541675
vn 0.353553 -0.707107 0.612372
vn 0.241845 -0.707107 0.664463
vn 0.122788 -0.707107 0.696364
vn 0.000000 -0.707107 0.707107
vn -0.122788 -0.707107 0.696364
vn -0.241845 -0.707107 0.664463
vn -0.353553 -0.707107 0.612372
vn -0.454519 -0.707107 0.541675
vn -0.541675 -0.707107 0.454519
vn -0.612372 -0.707107 0.353553
vn -0.664463 -0.707107 0.241845
vn -0.696364 -0.707107 0.122788
vn -0.707107 -0.707107 0.000000
vn -0.696364 -0.707107 -0.122788
vn -0.664463 -0.707107 -0.241845
vn -0.612372 -0.707107 -0.353553
vn -0.541675 -0.707107 -0.454519
vn -0.454519 -0.707107 -0.541675
vn -0.353553 -0.707107 -0.612372
vn -0.241845 -0.707107 -0.664463
vn -0.122788 -0.707107 -0.696364
vn -0.000000 -0.707107 -0.707107
vn 0.122788 -0.707107 -0.696364
vn 0.241845 -0.707107 -0.664463
vn 0.353553 -0.707107 -0.612372
vn 0.454519 -0.707107 -0.541675
vn 0.541675 -0.707107 -0.454519
vn 0.612372 -0.707107 -0.353553
vn 0.664463 -0.707107 -0.241845
vn 0.696364 -0.707107 -0.122788
vn 0.707107 -0.707107 -0.000000
vn 0.608761 -0.793353 0.000000
vn 0.599513 -0.793353 0.105710
vn 0.572049 -0.793353 0.208209
vn 0.527203 -0.793353 0.304381
vn 0.466338 -0.793353 0.391304
vn 0.391304 -0.793353 0.466338
vn 0.304381 -0.793353 0.527203
vn 0.208209 -0.793353 0.572049
vn 0.105710 -0.793353 0.599513
vn 0.000000 -0.793353 0.608761
vn -0.105710 -0.793353 0.599513
vn -0.208209 -0.793353 0.572049
vn -0.304381 -0.793353 0.527203
vn -0.391304 -0.793353 0.466338
vn -0.466338 -0.793353 0.391304
vn -0.527203 -0.793353 0.304381
vn -0.572049 -0.793353 0.208209
vn -0.599513 -0.793353 0.105710
vn -0.608761 -0.793353 0.000000
vn -0.599513 -0.793353 -0.105710
vn -0.572049 -0.793353 -0.208209
vn -0.527203 -0.793353 -0.304381
vn -0.466338 -0.793353 -0.391304
vn -0.391304 -0.793353 -0.466338
vn -0.304381 -0.793353 -0.527203
vn -0.208209 -0.793353 -0.572049
vn -0.105710 -0.793353 -0.599513
vn -0.000000 -0.793353 -0.608761
vn 0.105710 -0.793353 -0.599513
vn 0.208209 -0.793353 -0.572049
vn 0.304381 -0.793353 -0.527203
vn 0.391304 -0.793353 -0.466338
vn 0.466338 -0.793353 -0.391304
vn 0.527203 -0.793353 -0.304381
vn 0.572049 -0.793353 -0.208209
vn 0.599513 -0.793353 -0.105710
vn 0.608761 -0.793353 -0.000000
vn 0.500000 -0.866025 0.000000
vn 0.492404 -0.866025 0.086824
vn 0.469846 -0.866025 0.171010
vn 0.433013 -0.866025 0.250000
vn 0.383022 -0.866025 0.321394
vn 0.321394 -0.866025 0.383022
vn 0.250000 -0.866025 0.433013
vn 0.171010 -0.866025 0.469846
vn 0.086824 -0.866025 0.492404
vn 0.000000 -0.866025 0.500000
vn -0.086824 -0.866025 0.492404
vn -0.171010 -0.866025 0.469846
vn -0.250000 -0.866025 0.433013
vn -0.321394 -0.866025 0.383022
vn -0.383022 -0.866025 0.321394
vn -0.433013 -0.866025 0.250000
vn -0.469846 -0.866025 0.171010
vn -0.492404 -0.866025 0.086824
vn -0.500000 -0.866025 0.000000
vn -0.492404 -0.866025 -0.086824
vn -0.469846 -0.866025 -0.171010
vn -0.433013 -0.866025 -0.250000
vn -0.383022 -0.866025 -0.321394
vn -0.321394 -0.866025 -0.383022
vn -0.250000 -0.866025 -0.433013
vn -0.171010 -0.866025 -0.469846
vn -0.086824 -0.866025 -0.492404
vn -0.000000 -0.866025 -0.500000
vn 0.086824 -0.866025 -0.492404
vn 0.171010 -0.866025 -0.469846
vn 0.250000 -0.866025 -0.433013
vn 0.321394 -0.866025 -0.383022
vn 0.383022 -0.866025 -0.321394
vn 0.433013 -0.866025 -0.250000
vn 0.469846 -0.866025 -0.171010
vn 0.492404 -0.866025 -0.086824
vn 0.500000 -0.866025 -0.000000
vn 0.382683 -0.923880 0.000000
vn 0.376870 -0.923880 0.066452
vn 0.359605 -0.923880 0.130885
vn 0.331414 -0.923880 0.191342
vn 0.293153 -0.923880 0.245984
vn 0.245984 -0.923880 0.293153
vn 0.191342 -0.923880 0.331414
vn 0.130885 -0.923880 0.359605
vn 0.066452 -0.923880 0.376870
vn 0.000000 -0.923880 0.382683
vn -0.066452 -0.923880 0.376870
vn -0.130885 -0.923880 0.359605
vn -0.191342 -0.923880 0.331414
vn -0.245984 -0.923880 0.293153
vn -0.293153 -0.923880 0.245984
vn -0.331414 -0.923880 0.191342
vn -0.359605 -0.923880 0.130885
vn -0.376870 -0.923880 0.066452
vn -0.382683 -0.923880 0.000000
vn -0.376870 -0.923880 -0.066452
vn -0.359605 -0.923880 -0.130885
vn -0.331414 -0.923880 -0.191342
vn -0.293153 -0.923880 -0.245984
vn -0.245984 -0.923880 -0.293153
vn -0.191342 -0.923880 -0.331414
vn -0.130885 -0.923880 -0.359605
vn -0.066452 -0.923880 -0.376870
vn -0.000000 -0.923880 -0.382683
vn 0.066452 -0.923880 -0.376870
vn 0.130885 -0.923880 -0.359605
vn 0.191342 -0.923880 -0.331414
vn 0.245984 -0.923880 -0.293153
vn 0.293153 -0.923880 -0.245984
vn 0.331414 -0.923880 -0.191342
vn 0.359605 -0.923880 -0.130885
vn 0.376870 -0.923880 -0.066452
vn 0.382683 -0.923880 -0.000000
vn 0.258819 -0.965926 0.000000
vn 0.254887 -0.965926 0.044943
vn 0.243210 -0.965926 0.088521
vn 0.224144 -0.965926 0.129410
vn 0.198267 -0.965926 0.166366
vn 0.166366 -0.965926 0.198267
vn 0.129410 -0.965926 0.224144
vn 0.088521 -0.965926 0.243210
vn 0.044943 -0.965926 0.254887
vn 0.000000 -0.965926 0.258819
vn -0.044943 -0.965926 0.254887
vn -0.088521 -0.965926 0.243210
vn -0.129410 -0.965926 0.224144
vn -0.166366 -0.965926 0.198267
vn -0.198267 -0.965926 0.166366
vn -0.224144 -0.965926 0.129410
vn -0.243210 -0.965926 0.088521
vn -0.254887 -0.965926 0.044943
vn -0.258819 -0.965926 0.000000
vn -0.254887 -0.965926 -0.044943
vn -0.243210 -0.965926 -0.088521
vn -0.224144 -0.965926 -0.129410
vn -0.198267 -0.965926 -0.166366
vn -0.166366 -0.965926 -0.198267
vn -0.129410 -0.965926 -0.224144
vn -0.088521 -0.965926 -0.243210
vn -0.044943 -0.965926 -0.254887
vn -0.000000 -0.965926 -0.258819
vn 0.044943 -0.965926 -0.254887
vn 0.088521 -0.965926 -0.243210
vn 0.129410 -0.965926 -0.224144
vn 0.166366 -0.965926 -0.198267
vn 0.198267 -0.965926 -0.166366
vn 0.224144 -0.965926 -0.129410
vn 0.243210 -0.965926 -0.088521
vn 0.254887 -0.965926 -0.044943
vn 0.258819 -0.965926 -0.000000
vn 0.130526 -0.991445 0.000000
vn 0.128543 -0.991445 0.022666
vn 0.122654 -0.991445 0.044643
vn 0.113039 -0.991445 0.065263
vn 0.099989 -0.991445 0.083901
vn 0.083901 -0.991445 0.099989
vn 0.065263 -0.991445 0.113039
vn 0.044643 -0.991445 0.122654
vn 0.022666 -0.991445 0.128543
vn 0.000000 -0.991445 0.130526
vn -0.022666 -0.991445 0.128543
vn -0.044643 -0.991445 0.122654
vn -0.065263 -0.991445 0.113039
vn -0.083901 -0.991445 0.099989
vn -0.099989 -0.991445 0.083901
vn -0.113039 -0.991445 0.065263
vn -0.122654 -0.991445 0.044643
vn -0.128543 -0.991445 0.022666
vn -0.130526 -0.991445 0.000000
vn -0.128543 -0.991445 -0.022666
vn -0.122654 -0.991445 -0.044643
vn -0.113039 -0.991445 -0.065263
vn -0.099989 -0.991445 -0.083901
vn -0.083901 -0.991445 -0.099989
vn -0.065263 -0.991445 -0.113039
vn -0.044643 -0.991445 -0.122654
vn -0.022666 -0.991445 -0.128543
vn -0.000000 -0.991445 -0.130526
vn 0.022666 -0.991445 -0.128543
vn 0.044643 -0.991445 -0.122654
vn 0.065263 -0.991445 -0.113039
vn 0.083901 -0.991445 -0.099989
vn 0.099989 -0.991445 -0.083901
vn 0.113039 -0.991445 -0.065263
vn 0.122654 -0.991445 -0.044643
vn 0.128543 -0.991445 -0.022666
vn 0.130526 -0.991445 -0.000000
vn 0.000000 -1.000000 0.000000
vn 0.000000 -1.000000 0.000000
vn 0.000000 -1.000000 0.000000
vn 0.000000 -1.000000 0.000000
vn 0.000000 -1.000000 0.000000
vn 0.000000 -1.000000 0.000000
vn 0.000000 -1.000000 0.000000
vn 0.000000 -1.000000 0.000000
vn 0.000000 -1.000000 0.000000
vn 0.000000 -1.000000 0.000000
vn -0.000000 -1.000000 0.000000
vn -0.000000 -1.000000 0.000000
vn -0.000000 -1.000000 0.000000
vn -0.000000 -1.000000 0.000000
vn -0.000000 -1.000000 0.000000
vn -0.000000 -1.000000 0.000000
vn -0.000000 -1.000000 0.000000
vn -0.000000 -1.000000 0.000000
vn -0.000000 -1.000000 0.000000
vn -0.000000 -1.000000 -0.000000
vn -0.000000 -1.000000 -0.000000
vn -0.000000 -1.000000 -0.000000
vn -0.000000 -1.000000 -0.000000
vn -0.000000 -1.000000 -0.000000
vn -0.000000 -1.000000 -0.000000
vn -0.000000 -1.000000 -0.000000
vn -0.000000 -1.000000 -0.000000
vn -0.000000 -1.000000 -0.000000
vn 0.000000 -1.000000 -0.000000
vn 0.000000 -1.000000 -0.000000
vn 0.000000 -1.000000 -0.000000
vn 0.000000 -1.000000 -0.000000
vn 0.000000 -1.000000 -0.000000
vn 0.000000 -1.000000 -0.000000
vn 0.000000 -1.000000 -0.000000
vn 0.000000 -1.000000 -0.000000
vn 0.000000 -1.000000 -0.000000
vt 0.000000 1.000000
vt 0.027778 1.000000
vt 0.055556 1.000000
vt 0.083333 1.000000
vt 0.111111 1.000000
vt 0.138889 1.000000
vt 0.166667 1.000000
vt 0.194444 1.000000
vt 0.222222 1.000000
vt 0.250000 1.000000
vt 0.277778 1.000000
vt 0.305556 1.000000
vt 0.333333 1.000000
vt 0.361111 1.000000
vt 0.388889 1.000000
vt 0.416667 1.000000
vt 0.444444 1.000000
vt 0.472222 1.000000
vt 0.500000 1.000000
vt 0.527778 1.000000
vt 0.555556 1.000000
vt 0.583333 1.000000
vt 0.611111 1.000000
vt 0.638889 1.000000
vt 0.666667 1.000000
vt 0.694444 1.000000
vt 0.722222 1.000000
vt 0.750000 1.000000
vt 0.777778 1.000000
vt 0.805556 1.000000
vt 0.833333 1.000000
vt 0.861111 1.000000
vt 0.888889 1.000000
vt 0.916667 1.000000
vt 0.944444 1.000000
vt 0.972222 1.000000
vt 1.000000 1.000000
vt 0.000000 0.958333
vt 0.027778 0.958333
vt 0.055556 0.958333
vt 0.083333 0.958333
vt 0.111111 0.958333
vt 0.138889 0.958333
vt 0.166667 0.958333
vt 0.194444 0.958333
vt 0.222222 0.958333
vt 0.250000 0.958333
vt 0.277778 0.958333
vt 0.305556 0.958333
vt 0.333333 0.958333
vt 0.361111 0.958333
vt 0.388889 0.958333
vt 0.416667 0.958333
vt 0.444444 0.958333
vt 0.472222 0.958333
vt 0.500000 0.958333
vt 0.527778 0.958333
vt 0.555556 0.958333
vt 0.583333 0.958333
vt 0.611111 0.958333
vt 0.638889 0.958333
vt 0.666667 0.958333
vt 0.694444 0.958333
vt 0.722222 0.958333
vt 0.750000 0.958333
vt 0.777778 0.958333
vt 0.805556 0.958333
vt 0.833333 0.958333
vt 0.861111 0.958333
vt 0.888889 0.958333
vt 0.916667 0.958333
vt 0.944444 0.958333
vt 0.972222 0.958333
vt 1.000000 0.958333
vt 0.000000 0.916667
vt 0.027778 0.916667
vt 0.055556 0.916667
vt 0.083333 0.916667
vt 0.111111 0.916667
vt 0.138889 0.916667
vt 0.166667 0.916667
vt 0.194444 0.916667
vt 0.222222 0.916667
vt 0.250000 0.916667
vt 0.277778 0.916667
vt 0.305556 0.916667
vt 0.333333 0.916667
vt 0.361111 0.916667
vt 0.388889 0.916667
vt 0.416667 0.916667
vt 0.444444 0.916667
vt 0.472222 0.916667
vt 0.500000 0.916667
vt 0.527778 0.916667
vt 0.555556 0.916667
vt 0.583333 0.916667
vt 0.611111 0.916667
vt 0.638889 0.916667
vt 0.666667 0.916667
vt 0.694444 0.916667
vt 0.722222 0.916667
vt 0.750000 0.916667
vt 0.777778 0.916667
vt 0.805556 0.916667
vt 0.833333 0.916667
vt 0.861111 0.916667
vt 0.888889 0.916667
vt 0.916667 0.916667
vt 0.944444 0.916667
vt 0.972222 0.916667
vt 1.000000 0.916667
vt 0.000000 0.875000
vt 0.027778 0.875000
vt 0.055556 0.875000
vt 0.083333 0.875000
vt 0.111111 0.875000
vt 0.138889 0.875000
vt 0.166667 0.875000
vt 0.194444 0.875000
vt 0.222222 0.875000
vt 0.250000 0.875000
vt 0.277778 0.875000
vt 0.305556 0.875000
vt 0.333333 0.875000
vt 0.361111 0.875000
vt 0.388889 0.875000
vt 0.416667 0.875000
vt 0.444444 0.875000
vt 0.472222 0.875000
vt 0.500000 0.875000
vt 0.527778 0.875000
vt 0.555556 0.875000
vt 0.583333 0.875000
vt 0.611111 0.875000
vt 0.638889 0.875000
vt 0.666667 0.875000
vt 0.694444 0.875000
vt 0.722222 0.875000
vt 0.750000 0.875000
vt 0.777778 0.875000
vt 0.805556 0.875000
vt 0.833333 0.875000
vt 0.861111 0.875000
vt 0.888889 0.875000
vt 0.916667 0.875000
vt 0.944444 0.875000
vt 0.972222 0.875000
vt 1.000000 0.875000
vt 0.000000 0.833333
vt 0.027778 0.833333
vt 0.055556 0.833333
vt 0.083333 0.833333
vt 0.111111 0.833333
vt 0.138889 0.833333
vt 0.166667 0.833333
vt 0.194444 0.833333
vt 0.222222 0.833333
vt 0.250000 0.833333
vt 0.277778 0.833333
vt 0.305556 0.833333
vt 0.333333 0.833333
vt 0.361111 0.833333
vt 0.388889 0.833333
vt 0.416667 0.833333
vt 0.444444 0.833333
vt 0.472222 0.833333
vt 0.500000 0.833333
vt 0.527778 0.833333
vt 0.555556 0.833333
vt 0.583333 0.833333
vt 0.611111 0.833333
vt 0.638889 0.833333
vt 0.666667 0.833333
vt 0.694444 0.833333
vt 0.722222 0.833333
vt 0.750000 0.833333
vt 0.777778 0.833333
vt 0.805556 0.833333
vt 0.833333 0.833333
vt 0.861111 0.833333
vt 0.888889 0.833333
vt 0.916667 0.833333
vt 0.944444 0.833333
vt 0.972222 0.833333
vt 1.000000 0.833333
vt 0.000000 0.791667
vt 0.027778 0.791667
vt 0.055556 0.791667
vt 0.083333 0.791667
vt 0.111111 0.791667
vt 0.138889 0.791667
vt 0.166667 0.791667
vt 0.194444 0.791667
vt 0.222222 0.791667
vt 0.250000 0.791667
vt 0.277778 0.791667
vt 0.305556 0.791667
vt 0.333333 0.791667
vt 0.361111 0.791667
vt 0.388889 0.791667
vt 0.416667 0.791667
vt 0.444444 0.791667
vt 0.472222 0.791667
vt 0.500000 0.791667
vt 0.527778 0.791667
vt 0.555556 0.791667
vt 0.583333 0.791667
vt 0.611111 0.791667
vt 0.638889 0.791667
vt 0.666667 0.791667
vt 0.694444 0.791667
vt 0.722222 0.791667
vt 0.750000 0.791667
vt 0.777778 0.791667
vt 0.805556 0.791667
vt 0.833333 0.791667
vt 0.861111 0.791667
vt 0.888889 0.791667
vt 0.916667 0.791667
vt 0.944444 0.791667
vt 0.972222 0.791667
vt 1.000000 0.791667
vt 0.000000 0.750000
vt 0.027778 0.750000
vt 0.055556 0.750000
vt 0.083333 0.750000
vt 0.111111 0.750000
vt 0.138889 0.750000
vt 0.166667 0.750000
vt 0.194444 0.750000
vt 0.222222 0.750000
vt 0.250000 0.750000
vt 0.277778 0.750000
vt 0.305556 0.750000
vt 0.333333 0.750000
vt 0.361111 0.750000
vt 0.388889 0.750000
vt 0.416667 0.750000
vt 0.444444 0.750000
vt 0.472222 0.750000
vt 0.500000 0.750000
vt 0.527778 0.750000
vt 0.555556 0.750000
vt 0.583333 0.750000
vt 0.611111 0.750000
vt 0.638889 0.750000
vt 0.666667 0.750000
vt 0.694444 0.750000
vt 0.722222 0.750000
vt 0.750000 0.750000
vt 0.777778 0.750000
vt 0.805556 0.750000
vt 0.833333 0.750000
vt 0.861111 0.750000
vt 0.888889 0.750000
vt 0.916667 0.750000
vt 0.944444 0.750000
vt 0.972222 0.750000
vt 1.000000 0.750000
vt 0.000000 0.708333
vt 0.027778 0.708333
vt 0.055556 0.708333
vt 0.083333 0.708333
vt 0.111111 0.708333
vt 0.138889 0.708333
vt 0.166667 0.708333
vt 0.194444 0.708333
vt 0.222222 0.708333
vt 0.250000 0.708333
vt 0.277778 0.708333
vt 0.305556 0.708333
vt 0.333333 0.708333
vt 0.361111 0.708333
vt 0.388889 0.708333
vt 0.416667 0.708333
vt 0.444444 0.708333
vt 0.472222 0.708333
vt 0.500000 0.708333
vt 0.527778 0.708333
vt 0.555556 0.708333
vt 0.583333 0.708333
vt 0.611111 0.708333
vt 0.638889 0.708333
vt 0.666667 0.708333
vt 0.694444 0.708333
vt 0.722222 0.708333
vt 0.750000 0.708333
vt 0.777778 0.708333
vt 0.805556 0.708333
vt 0.833333 0.708333
vt 0.861111 0.708333
vt 0.888889 0.708333
vt 0.916667 0.708333
vt 0.944444 0.708333
vt 0.972222 0.708333
vt 1.000000 0.708333
vt 0.000000 0.666667
vt 0.027778 0.666667
vt 0.055556 0.666667
vt 0.083333 0.666667
vt 0.111111 0.666667
vt 0.138889 0.666667
vt 0.166667 0.666667
vt 0.194444 0.666667
vt 0.222222 0.666667
vt 0.250000 0.666667
vt 0.277778 0.666667
vt 0.305556 0.666667
vt 0.333333 0.666667
vt 0.361111 0.666667
vt 0.388889 0.666667
vt 0.416667 0.666667
vt 0.444444 0.666667
vt 0.472222 0.666667
vt 0.500000 0.666667
vt 0.527778 0.666667
vt 0.555556 0.666667
vt 0.583333 0.666667
vt 0.611111 0.666667
vt 0.638889 0.666667
vt 0.666667 0.666667
vt 0.694444 0.666667
vt 0.722222 0.666667
vt 0.750000 0.666667
vt 0.777778 0.666667
vt 0.805556 0.666667
vt 0.833333 0.666667
vt 0.861111 0.666667
vt 0.888889 0.666667
vt 0.916667 0.666667
vt 0.944444 0.666667
vt 0.972222 0.666667
vt 1.000000 0.666667
vt 0.000000 0.625000
vt 0.027778 0.625000
vt 0.055556 0.625000
vt 0.083333 0.625000
vt 0.111111 0.625000
vt 0.138889 0.625000
vt 0.166667 0.625000
vt 0.194444 0.625000
vt 0.222222 0.625000
vt 0.250000 0.625000
vt 0.277778 0.625000
vt 0.305556 0.625000
vt 0.333333 0.625000
vt 0.361111 0.625000
vt 0.388889 0.625000
vt 0.416667 0.625000
vt 0.444444 0.625000
vt 0.472222 0.625000
vt 0.500000 0.625000
vt 0.527778 0.625000
vt 0.555556 0.625000
vt 0.583333 0.625000
vt 0.611111 0.625000
vt 0.638889 0.625000
vt 0.666667 0.625000
vt 0.694444 0.625000
vt 0.722222 0.625000
vt 0.750000 0.625000
vt 0.777778 0.625000
vt 0.805556 0.625000
vt 0.833333 0.625000
vt 0.861111 0.625000
vt 0.888889 0.625000
vt 0.916667 0.625000
vt 0.944444 0.625000
vt 0.972222 0.625000
vt 1.000000 0.625000
vt 0.000000 0.583333
vt 0.027778 0.583333
vt 0.055556 0.583333
vt 0.083333 0.583333
vt 0.111111 0.583333
vt 0.138889 0.583333
vt 0.166667 0.583333
vt 0.194444 0.583333
vt 0.222222 0.583333
vt 0.250000 0.583333
vt 0.277778 0.583333
vt 0.305556 0.583333
vt 0.333333 0.583333
vt 0.361111 0.583333
vt 0.388889 0.583333
vt 0.416667 0.583333
vt 0.444444 0.583333
vt 0.472222 0.583333
vt 0.500000 0.583333
vt 0.527778 0.583333
vt 0.555556 0.583333
vt 0.583333 0.583333
vt 0.611111 0.583333
vt 0.638889 0.583333
vt 0.666667 0.583333
vt 0.694444 0.583333
vt 0.722222 0.583333
vt 0.750000 0.583333
vt 0.777778 0.583333
vt 0.805556 0.583333
vt 0.833333 0.583333
vt 0.861111 0.583333
vt 0.888889 0.583333
vt 0.916667 0.583333
vt 0.944444 0.583333
vt 0.972222 0.583333
vt 1.000000 0.583333
vt 0.000000 0.541667
vt 0.027778 0.541667
vt 0.055556 0.541667
vt 0.083333 0.541667
vt 0.111111 0.541667
vt 0.138889 0.541667
vt 0.166667 0.541667
vt 0.194444 0.541667
vt 0.222222 0.541667
vt 0.250000 0.541667
vt 0.277778 0.541667
vt 0.305556 0.541667
vt 0.333333 0.541667
vt 0.361111 0.541667
vt 0.388889 0.541667
vt 0.416667 0.541667
vt 0.444444 0.541667
vt 0.472222 0.541667
vt 0.500000 0.541667
vt 0.527778 0.541667
vt 0.555556 0.541667
vt 0.583333 0.541667
vt 0.611111 0.541667
vt 0.638889 0.541667
vt 0.666667 0.541667
vt 0.694444 0.541667
vt 0.722222 0.541667
vt 0.750000 0.541667
vt 0.777778 0.541667
vt 0.805556 0.541667
vt 0.833333 0.541667
vt 0.861111 0.541667
vt 0.888889 0.541667
vt 0.916667 0.541667
vt 0.944444 0.541667
vt 0.972222 0.541667
vt 1.000000 0.541667
vt 0.000000 0.500000
vt 0.027778 0.500000
vt 0.055556 0.500000
vt 0.083333 0.500000
vt 0.111111 0.500000
vt 0.138889 0.500000
vt 0.166667 0.500000
vt 0.194444 0.500000
vt 0.222222 0.500000
vt 0.250000 0.500000
vt 0.277778 0.500000
vt 0.305556 0.500000
vt 0.333333 0.500000
vt 0.361111 0.500000
vt 0.388889 0.500000
vt 0.416667 0.500000
vt 0.444444 0.500000
vt 0.472222 0.500000
vt 0.500000 0.500000
vt 0.527778 0.500000
vt 0.555556 0.500000
vt 0.583333 0.500000
vt 0.611111 0.500000
vt 0.638889 0.500000
vt 0.666667 0.500000
vt 0.694444 0.500000
vt 0.722222 0.500000
vt 0.750000 0.500000
vt 0.777778 0.500000
vt 0.805556 0.500000
vt 0.833333 0.500000
vt 0.861111 0.500000
vt 0.888889 0.500000
vt 0.916667 0.500000
vt 0.944444 0.500000
vt 0.972222 0.500000
vt 1.000000 0.500000
vt 0.000000 0.458333
vt 0.027778 0.458333
vt 0.055556 0.458333
vt 0.083333 0.458333
vt 0.111111 0.458333
vt 0.138889 0.458333
vt 0.166667 0.458333
vt 0.194444 0.458333
vt 0.222222 0.458333
vt 0.250000 0.458333
vt 0.277778 0.458333
vt 0.305556 0.458333
vt 0.333333 0.458333
vt 0.361111 0.458333
vt 0.388889 0.458333
vt 0.416667 0.458333
vt 0.444444 0.458333
vt 0.472222 0.458333
vt 0.500000 0.458333
vt 0.527778 0.458333
vt 0.555556 0.458333
vt 0.583333 0.458333
vt 0.611111 0.458333
vt 0.638889 0.458333
vt 0.666667 0.458333
vt 0.694444 0.458333
vt 0.722222 0.458333
vt 0.750000 0.458333
vt 0.777778 0.458333
vt 0.805556 0.458333
vt 0.833333 0.458333
vt 0.861111 0.458333
vt 0.888889 0.458333
vt 0.916667 0.458333
vt 0.944444 0.458333
vt 0.972222 0.458333
vt 1.000000 0.458333
vt 0.000000 0.416667
vt 0.027778 0.416667
vt 0.055556 0.416667
vt 0.083333 0.416667
vt 0.111111 0.416667
vt 0.138889 0.416667
vt 0.166667 0.416667
vt 0.194444 0.416667
vt 0.222222 0.416667
vt 0.250000 0.416667
vt 0.277778 0.416667
vt 0.305556 0.416667
vt 0.333333 0.416667
vt 0.361111 0.416667
vt 0.388889 0.416667
vt 0.416667 0.416667
vt 0.444444 0.416667
vt 0.472222 0.416667
vt 0.500000 0.416667
vt 0.527778 0.416667
vt 0.555556 0.416667
vt 0.583333 0.416667
vt 0.611111 0.416667
vt 0.638889 0.416667
vt 0.666667 0.416667
vt 0.694444 0.416667
vt 0.722222 0.416667
vt 0.750000 0.416667
vt 0.777778 0.416667
vt 0.805556 0.416667
vt 0.833333 0.416667
vt 0.861111 0.416667
vt 0.888889 0.416667
vt 0.916667 0.416667
vt 0.944444 0.416667
vt 0.972222 0.416667
vt 1.000000 0.416667
vt 0.000000 0.375000
vt 0.027778 0.375000
vt 0.055556 0.375000
vt 0.083333 0.375000
vt 0.111111 0.375000
vt 0.138889 0.375000
vt 0.166667 0.375000
vt 0.194444 0.375000
vt 0.222222 0.375000
vt 0.250000 0.375000
vt 0.277778 0.375000
vt 0.305556 0.375000
vt 0.333333 0.375000
vt 0.361111 0.375000
vt 0.388889 0.375000
vt 0.416667 0.375000
vt 0.444444 0.375000
vt 0.472222 0.375000
vt 0.500000 0.375000
vt 0.527778 0.375000
vt 0.555556 0.375000
vt 0.583333 0.375000
vt 0.611111 0.375000
vt 0.638889 0.375000
vt 0.666667 0.375000
vt 0.694444 0.375000
vt 0.722222 0.375000
vt 0.750000 0.375000
vt 0.777778 0.375000
vt 0.805556 0.375000
vt 0.833333 0.375000
vt 0.861111 0.375000
vt 0.888889 0.375000
vt 0.916667 0.375000
vt 0.944444 0.375000
vt 0.972222 0.375000
vt 1.000000 0.375000
vt 0.000000 0.333333
vt 0.027778 0.333333
vt 0.055556 0.333333
vt 0.083333 0.333333
vt 0.111111 0.333333
vt 0.138889 0.333333
vt 0.166667 0.333333
vt 0.194444 0.333333
vt 0.222222 0.333333
vt 0.250000 0.333333
vt 0.277778 0.333333
vt 0.305556 0.333333
vt 0.333333 0.333333
vt 0.361111 0.333333
vt 0.388889 0.333333
vt 0.416667 0.333333
vt 0.444444 0.333333
vt 0.472222 0.333333
vt 0.500000 0.333333
vt 0.527778 0.333333
vt 0.555556 0.333333
vt 0.583333 0.333333
vt 0.611111 0.333333
vt 0.638889 0.333333
vt 0.666667 0.333333
vt 0.694444 0.333333
vt 0.722222 0.333333
vt 0.750000 0.333333
vt 0.777778 0.333333
vt 0.805556 0.333333
vt 0.833333 0.333333
vt 0.861111 0.333333
vt 0.888889 0.333333
vt 0.916667 0.333333
vt 0.944444 0.333333
vt 0.972222 0.333333
vt 1.000000 0.333333
vt 0.000000 0.291667
vt 0.027778 0.291667
vt 0.055556 0.291667
vt 0.083333 0.291667
vt 0.111111 0.291667
vt 0.138889 0.291667
vt 0.166667 0.291667
vt 0.194444 0.291667
vt 0.222222 0.291667
vt 0.250000 0.291667
vt 0.277778 0.291667
vt 0.305556 0.291667
vt 0.333333 0.291667
vt 0.361111 0.291667
vt 0.388889 0.291667
vt 0.416667 0.291667
vt 0.444444 0.291667
vt 0.472222 0.291667
vt 0.500000 0.291667
vt 0.527778 0.291667
vt 0.555556 0.291667
vt 0.583333 0.291667
vt 0.611111 0.291667
vt 0.638889 0.291667
vt 0.666667 0.291667
vt 0.694444 0.291667
vt 0.722222 0.291667
vt 0.750000 0.291667
vt 0.777778 0.291667
vt 0.805556 0.291667
vt 0.833333 0.291667
vt 0.861111 0.291667
vt 0.888889 0.291667
vt 0.916667 0.291667
vt 0.944444 0.291667
vt 0.972222 0.291667
vt 1.000000 0.291667
vt 0.000000 0.250000
vt 0.027778 0.250000
vt 0.055556 0.250000
vt 0.083333 0.250000
vt 0.111111 0.250000
vt 0.138889 0.250000
vt 0.166667 0.250000
vt 0.194444 0.250000
vt 0.222222 0.250000
vt 0.250000 0.250000
vt 0.277778 0.250000
vt 0.305556 0.250000
vt 0.333333 0.250000
vt 0.361111 0.250000
vt 0.388889 0.250000
vt 0.416667 0.250000
vt 0.444444 0.250000
vt 0.472222 0.250000
vt 0.500000 0.250000
vt 0.527778 0.250000
vt 0.555556 0.250000
vt 0.583333 0.250000
vt 0.611111 0.250000
vt 0.638889 0.250000
vt 0.666667 0.250000
vt 0.694444 0.250000
vt 0.722222 0.250000
vt 0.750000 0.250000
vt 0.777778 0.250000
vt 0.805556 0.250000
vt 0.833333 0.250000
vt 0.861111 0.250000
vt 0.888889 0.250000
vt 0.916667 0.250000
vt 0.944444 0.250000
vt 0.972222 0.250000
vt 1.000000 0.250000
vt 0.000000 0.208333
vt 0.027778 0.208333
vt 0.055556 0.208333
vt 0.083333 0.208333
vt 0.111111 0.208333
vt 0.138889 0.208333
vt 0.166667 0.208333
vt 0.194444 0.208333
vt 0.222222 0.208333
vt 0.250000 0.208333
vt 0.277778 0.208333
vt 0.305556 0.208333
vt 0.333333 0.208333
vt 0.361111 0.208333
vt 0.388889 0.208333
vt 0.416667 0.208333
vt 0.444444 0.208333
vt 0.472222 0.208333
vt 0.500000 0.208333
vt 0.527778 0.208333
vt 0.555556 0.208333
vt 0.583333 0.208333
vt 0.611111 0.208333
vt 0.638889 0.208333
vt 0.666667 0.208333
vt 0.694444 0.208333
vt 0.722222 0.208333
vt 0.750000 0.208333
vt 0.777778 0.208333
vt 0.805556 0.208333
vt 0.833333 0.208333
vt 0.861111 0.208333
vt 0.888889 0.208333
vt 0.916667 0.208333
vt 0.944444 0.208333
vt 0.972222 0.208333
vt 1.000000 0.208333
vt 0.000000 0.166667
vt 0.027778 0.166667
vt 0.055556 0.166667
vt 0.083333 0.166667
vt 0.111111 0.166667
vt 0.138889 0.166667
vt 0.166667 0.166667
vt 0.194444 0.166667
vt 0.222222 0.166667
vt 0.250000 0.166667
vt 0.277778 0.166667
vt 0.305556 0.166667
vt 0.333333 0.166667
vt 0.361111 0.166667
vt 0.388889 0.166667
vt 0.416667 0.166667
vt 0.444444 0.166667
vt 0.472222 0.166667
vt 0.500000 0.166667
vt 0.527778 0.166667
vt 0.555556 0.166667
vt 0.583333 0.166667
vt 0.611111 0.166667
vt 0.638889 0.166667
vt 0.666667 0.166667
vt 0.694444 0.166667
vt 0.722222 0.166667
vt 0.750000 0.166667
vt 0.777778 0.166667
vt 0.805556 0.166667
vt 0.833333 0.166667
vt 0.861111 0.166667
vt 0.888889 0.166667
vt 0.916667 0.166667
vt 0.944444 0.166667
vt 0.972222 0.166667
vt 1.000000 0.166667
vt 0.000000 0.125000
vt 0.027778 0.125000
vt 0.055556 0.125000
vt 0.083333 0.125000
vt 0.111111 0.125000
vt 0.138889 0.125000
vt 0.166667 0.125000
vt 0.194444 0.125000
vt 0.222222 0.125000
vt 0.250000 0.125000
vt 0.277778 0.125000
vt 0.305556 0.125000
vt 0.333333 0.125000
vt 0.361111 0.125000
vt 0.388889 0.125000
vt 0.416667 0.125000
vt 0.444444 0.125000
vt 0.472222 0.125000
vt 0.500000 0.125000
vt 0.527778 0.125000
vt 0.555556 0.125000
vt 0.583333 0.125000
vt 0.611111 0.125000
vt 0.638889 0.125000
vt 0.666667 0.125000
vt 0.694444 0.125000
vt 0.722222 0.125000
vt 0.750000 0.125000
vt 0.777778 0.125000
vt 0.805556 0.125000
vt 0.833333 0.125000
vt 0.861111 0.125000
vt 0.888889 0.125000
vt 0.916667 0.125000
vt 0.944444 0.125000
vt 0.972222 0.125000
vt 1.000000 0.125000
vt 0.000000 0.083333
vt 0.027778 0.083333
vt 0.055556 0.083333
vt 0.083333 0.083333
vt 0.111111 0.083333
vt 0.138889 0.083333
vt 0.166667 0.083333
vt 0.194444 0.083333
vt 0.222222 0.083333
vt 0.250000 0.083333
vt 0.277778 0.083333
vt 0.305556 0.083333
vt 0.333333 0.083333
vt 0.361111 0.083333
vt 0.388889 0.083333
vt 0.416667 0.083333
vt 0.444444 0.083333
vt 0.472222 0.083333
vt 0.500000 0.083333
vt 0.527778 0.083333
vt 0.555556 0.083333
vt 0.583333 0.083333
vt 0.611111 0.083333
vt 0.638889 0.083333
vt 0.666667 0.083333
vt 0.694444 0.083333
vt 0.722222 0.083333
vt 0.750000 0.083333
vt 0.777778 0.083333
vt 0.805556 0.083333
vt 0.833333 0.083333
vt 0.861111 0.083333
vt 0.888889 0.083333
vt 0.916667 0.083333
vt 0.944444 0.083333
vt 0.972222 0.083333
vt 1.000000 0.083333
vt 0.000000 0.041667
vt 0.027778 0.041667
vt 0.055556 0.041667
vt 0.083333 0.041667
vt 0.111111 0.041667
vt 0.138889 0.041667
vt 0.166667 0.041667
vt 0.194444 0.041667
vt 0.222222 0.041667
vt 0.250000 0.041667
vt 0.277778 0.041667
vt 0.305556 0.041667
vt 0.333333 0.041667
vt 0.361111 0.041667
vt 0.388889 0.041667
vt 0.416667 0.041667
vt 0.444444 0.041667
vt 0.472222 0.041667
vt 0.500000 0.041667
vt 0.527778 0.041667
vt 0.555556 0.041667
vt 0.583333 0.041667
vt 0.611111 0.041667
vt 0.638889 0.041667
vt 0.666667 0.041667
vt 0.694444 0.041667
vt 0.722222 0.041667
vt 0.750000 0.041667
vt 0.777778 0.041667
vt 0.805556 0.041667
vt 0.833333 0.041667
vt 0.861111 0.041667
vt 0.888889 0.041667
vt 0.916667 0.041667
vt 0.944444 0.041667
vt 0.972222 0.041667
vt 1.000000 0.041667
vt 0.000000 0.000000
vt 0.027778 0.000000
vt 0.055556 0.000000
vt 0.083333 0.000000
vt 0.111111 0.000000
vt 0.138889 0.000000
vt 0.166667 0.000000
vt 0.194444 0.000000
vt 0.222222 0.000000
vt 0.250000 0.000000
vt 0.277778 0.000000
vt 0.305556 0.000000
vt 0.333333 0.000000
vt 0.361111 0.000000
vt 0.388889 0.000000
vt 0.416667 0.000000
vt 0.444444 0.000000
vt 0.472222 0.000000
vt 0.500000 0.000000
vt 0.527778 0.000000
vt 0.555556 0.000000
vt 0.583333 0.000000
vt 0.611111 0.000000
vt 0.638889 0.000000
vt 0.666667 0.000000
vt 0.694444 0.000000
vt 0.722222 0.000000
vt 0.750000 0.000000
vt 0.777778 0.000000
vt 0.805556 0.000000
vt 0.833333 0.000000
vt 0.861111 0.000000
vt 0.888889 0.000000
vt 0.916667 0.000000
vt 0.944444 0.000000
vt 0.972222 0.000000
vt 1.000000 0.000000
f 1/1/1 38/38/38 2/2/2
f 38/38/38 39/39/39 2/2/2
f 2/2/2 39/39/39 3/3/3
f 39/39/39 40/40/40 3/3/3
f 3/3/3 40/40/40 4/4/4
f 40/40/40 41/41/41 4/4/4
f 4/4/4 41/41/41 5/5/5
f 41/41/41 42/42/42 5/5/5
f 5/5/5 42/42/42 6/6/6
f 42/42/42 43/43/43 6/6/6
f 6/6/6 43/43/43 7/7/7
f 43/43/43 44/44/44 7/7/7
f 7/7/7 44/44/44 8/8/8
f 44/44/44 45/45/45 8/8/8
f 8/8/8 45/45/45 9/9/9
f 45/45/45 46/46/46 9/9/9
f 9/9/9 46/46/46 10/10/10
f 46/46/46 47/47/47 10/10/10
f 10/10/10 47/47/47 11/11/11
f 47/47/47 48/48/48 11/11/11
f 11/11/11 48/48/48 12/12/12
f 48/48/48 49/49/49 12/12/12
f 12/12/12 49/49/49 13/13/13
f 49/49/49 50/50/50 13/13/13
f 13/13/13 50/50/50 14/14/14
f 50/50/50 51/51/51 14/14/14
f 14/14/14 51/51/51 15/15/15
f 51/51/51 52/52/52 15/15/15
f 15/15/15 52/52/52 16/16/16
f 52/52/52 53/53/53 16/16/16
f 16/16/16 53/53/53 17/17/17
f 53/53/53 54/54/54 17/17/17
f 17/17/17 54/54/54 18/18/18
f 54/54/54 55/55/55 18/18/18
f 18/18/18 55/55/55 19/19/19
f 55/55/55 56/56/56 19/19/19
f 19/19/19 56/56/56 20/20/20
f 56/56/56 57/57/57 20/20/20
f 20/20/20 57/57/57 21/21/21
f 57/57/57 58/58/58 21/21/21
f 21/21/21 58/58/58 22/22/22
f 58/58/58 59/59/59 22/22/22
f 22/22/22 59/59/59 23/23/23
f 59/59/59 60/60/60 23/23/23
f 23/23/23 60/60/60 24/24/24
f 60/60/60 61/61/61 24/24/24
f 24/24/24 61/61/61 25/25/25
f 61/61/61 62/62/62 25/25/25
f 25/25/25 62/62/62 26/26/26
f 62/62/62 63/63/63 26/26/26
f 26/26/26 63/63/63 27/27/27
f 63/63/63 64/64/64 27/27/27
f 27/27/27 64/64/64 28/28/28
f 64/64/64 65/65/65 28/28/28
f 28/28/28 65/65/65 29/29/29
f 65/65/65 66/66/66 29/29/29
f 29/29/29 66/66/66 30/30/30
f 66/66/66 67/67/67 30/30/30
f 30/30/30 67/67/67 31/31/31
f 67/67/67 68/68/68 31/31/31
f 31/31/31 68/68/68 32/32/32
f 68/68/68 69/69/69 32/32/32
f 32/32/32 69/69/69 33/33/33
f 69/69/69 70/70/70 33/33/33
f 33/33/33 70/70/70 34/34/34
f 70/70/70 71/71/71 34/34/34
f 34/34/34 71/71/71 35/35/35
f 71/71/71 72/72/72 35/35/35
f 35/35/35 72/72/72 36/36/36
f 72/72/72 73/73/73 36/36/36
f 36/36/36 73/73/73 37/37/37
f 73/73/73 74/74/74 37/37/37
f 38/38/38 75/75/75 39/39/39
f 75/75/75 76/76/76 39/39/39
f 39/39/39 76/76/76 40/40/40
f 76/76/76 77/77/77 40/40/40
f 40/40/40 77/77/77 41/41/41
f 77/77/77 78/78/78 41/41/41
f 41/41/41 78/78/78 42/42/42
f 78/78/78 79/79/79 42/42/42
f 42/42/42 79/79/79 43/43/43
f 79/79/79 80/80/80 43/43/43
f 43/43/43 80/80/80 44/44/44
f 80/80/80 81/81/81 44/44/44
f 44/44/44 81/81/81 45/45/45
f 81/81/81 82/82/82 45/45/45
f 45/45/45 82/82/82 46/46/46
f 82/82/82 83/83/83 46/46/46
f 46/46/46 83/83/83 47/47/47
f 83/83/83 84/84/84 47/47/47
f 47/47/47 84/84/84 48/48/48
f 84/84/84 85/85/85 48/48/48
f 48/48/48 85/85/85 49/49/49
f 85/85/85 86/86/86 49/49/49
f 49/49/49 86/86/86 50/50/50
f 86/86/86 87/87/87 50/50/50
f 50/50/50 87/87/87 51/51/51
f 87/87/87 88/88/88 51/51/51
f 51/51/51 88/88/88 52/52/52
f 88/88/88 89/89/89 52/52/52
f 52/52/52 89/89/89 53/53/53
f 89/89/89 90/90/90 53/53/53
f 53/53/53 90/90/90 54/54/54
f 90/90/90 91/91/91 54/54/54
f 54/54/54 91/91/91 55/55/55
f 91/91/91 92/92/92 55/55/55
f 55/55/55 92/92/92 56/56/56
f 92/92/92 93/93/93 56/56/56
f 56/56/56 93/93/93 57/57/57
f 93/93/93 94/94/94 57/57/57
f 57/57/57 94/94/94 58/58/58
f 94/94/94 95/95/95 58/58/58
f 58/58/58 95/95/95 59/59/59
f 95/95/95 96/96/96 59/59/59
f 59/59/59 96/96/96 60/60/60
f 96/96/96 97/97/97 60/60/60
f 60/60/60 97/97/97 61/61/61
f 97/97/97 98/98/98 61/61/61
f 61/61/61 98/98/98 62/62/62
f 98/98/98 99/99/99 62/62/62
f 62/62/62 99/99/99 63/63/63
f 99/99/99 100/100/100 63/63/63
f 63/63/63 100/100/100 64/64/64
f 100/100/100 101/101/101 64/64/64
f 64/64/64 101/101/101 65/65/65
f 101/101/101 102/102/102 65/65/65
f 65/65/65 102/102/102 66/66/66
f 102/102/102 103/103/103 66/66/66
f 66/66/66 103/103/103 67/67/67
f 103/103/103 104/104/104 67/67/67
f 67/67/67 104/104/104 68/68/68
f 104/104/104 105/105/105 68/68/68
f 68/68/68 105/105/105 69/69/69
f 105/105/105 106/106/106 69/69/69
f 69/69/69 106/106/106 70/70/70
f 106/106/106 107/107/107 70/70/70
f 70/70/70 107/107/107 71/71/71
f 107/107/107 108/108/108 71/71/71
f 71/71/71 108/108/108 72/72/72
f 108/108/108 109/109/109 72/72/72
f 72/72/72 109/109/109 73/73/73
f 109/109/109 110/110/110 73/73/73
f 73/73/73 110/110/110 74/74/74
f 110/110/110 111/111/111 74/74/74
f 75/75/75 112/112/112 76/76/76
f 112/112/112 113/113/113 76/76/76
f 76/76/76 113/113/113 77/77/77
f 113/113/113 114/114/114 77/77/77
f 77/77/77 114/114/114 78/78/78
f 114/114/114 115/115/115 78/78/78
f 78/78/78 115/115/115 79/79/79
f 115/115/115 116/116/116 79/79/79
f 79/79/79 116/116/116 80/80/80
f 116/116/116 117/117/117 80/80/80
f 80/80/80 117/117/117 81/81/81
f 117/117/117 118/118/118 81/81/81
f 81/81/81 118/118/118 82/82/82
f 118/118/118 119/119/119 82/82/82
f 82/82/82 119/119/119 83/83/83
f 119/119/119 120/120/120 83/83/83
f 83/83/83 120/120/120 84/84/84
f 120/120/120 121/121/121 84/84/84
f 84/84/84 121/121/121 85/85/85
f 121/121/121 122/122/122 85/85/85
f 85/85/85 122/122/122 86/86/86
f 122/122/122 123/123/123 86/86/86
f 86/86/86 123/123/123 87/87/87
f 123/123/123 124/124/124 87/87/87
f 87/87/87 124/124/124 88/88/88
f 124/124/124 125/125/125 88/88/88
f 88/88/88 125/125/125 89/89/89
f 125/125/125 126/126/126 89/89/89
f 89/89/89 126/126/126 90/90/90
f 126/126/126 127/127/127 90/90/90
f 90/90/90 127/127/127 91/91/91
f 127/127/127 128/128/128 91/91/91
f 91/91/91 128/128/128 92/92/92
f 128/128/128 129/129/129 92/92/92
f 92/92/92 129/129/129 93/93/93
f 129/129/129 130/130/130 93/93/93
f 93/93/93 130/130/130 94/94/94
f 130/130/130 131/131/131 94/94/94
f 94/94/94 131/131/131 95/95/95
f 131/131/131 132/132/132 95/95/95
f 95/95/95 132/132/132 96/96/96
f 132/132/132 133/133/133 96/96/96
f 96/96/96 133/133/133 97/97/97
f 133/133/133 134/134/134 97/97/97
f 97/97/97 134/134/134 98/98/98
f 134/134/134 135/135/135 98/98/98
f 98/98/98 135/135/135 99/99/99
f 135/135/135 136/136/136 99/99/99
f 99/99/99 136/136/136 100/100/100
f 136/136/136 137/137/137 100/100/100
f 100/100/100 137/137/137 101/101/101
f 137/137/137 138/138/138 101/101/101
f 101/101/101 138/138/138 102/102/102
f 138/138/138 139/139/139 102/102/102
f 102/102/102 139/139/139 103/103/103
f 139/139/139 140/140/140 103/103/103
f 103/103/103 140/140/140 104/104/104
f 140/140/140 141/141/141 104/104/104
f 104/104/104 141/141/141 105/105/105
f 141/141/141 142/142/142 105/105/105
f 105/105/105 142/142/142 106/106/106
f 142/142/142 143/143/143 106/106/106
f 106/106/106 143/143/143 107/107/107
f 143/143/143 144/144/144 107/107/107
f 107/107/107 144/144/144 108/108/108
f 144/144/144 145/145/145 108/108/108
f 108/108/108 145/145/145 109/109/109
f 145/145/145 146/146/146 109/109/109
f 109/109/109 146/146/146 110/110/110
f 146/146/146 147/147/147 110/110/110
f 110/110/110 147/147/147 111/111/111
f 147/147/147 148/148/148 111/111/111
f 112/112/112 149/149/149 113/113/113
f 149/149/149 150/150/150 113/113/113
f 113/113/113 150/150/150 114/114/114
f 150/150/150 151/151/151 114/114/114
f 114/114/114 151/151/151 115/115/115
f 151/151/151 152/152/152 115/115/115
f 115/115/115 152/152/152 116/116/116
f 152/152/152 153/153/153 116/116/116
f 116/116/116 153/153/153 117/117/117
f 153/153/153 154/154/154 117/117/117
f 117/117/117 154/154/154 118/118/118
f 154/154/154 155/155/155 118/118/118
f 118/118/118 155/155/155 119/119/119
f 155/155/155 156/156/156 119/119/119
f 119/119/119 156/156/156 120/120/120
f 156/156/156 157/157/157 120/120/120
f 120/120/120 157/157/157 121/121/121
f 157/157/157 158/158/158 121/121/121
f 121/121/121 158/158/158 122/122/122
f 158/158/158 159/159/159 122/122/122
f 122/122/122 159/159/159 123/123/123
f 159/159/159 160/160/160 123/123/123
f 123/123/123 160/160/160 124/124/124
f 160/160/160 161/161/161 124/124/124
f 124/124/124 161/161/161 125/125/125
f 161/161/161 162/162/162 125/125/125
f 125/125/125 162/162/162 126/126/126
f 162/162/162 163/163/163 126/126/126
f 126/126/126 163/163/163 127/127/127
f 163/163/163 164/164/164 127/127/127
f 127/127/127 164/164/164 128/128/128
f 164/164/164 165/165/165 128/128/128
f 128/128/128 165/165/165 129/129/129
f 165/165/165 166/166/166 129/129/129
f 129/129/129 166/166/166 130/130/130
f 166/166/166 167/167/167 130/130/130
f 130/130/130 167/167/167 131/131/131
f 167/167/167 168/168/168 131/131/131
f 131/131/131 168/168/168 132/132/132
f 168/168/168 169/169/169 132/132/132
f 132/132/132 169/169/169 133/133/133
f 169/169/169 170/170/170 133/133/133
f 133/133/133 170/170/170 134/134/134
f 170/170/170 171/171/171 134/134/134
f 134/134/134 171/171/171 135/135/135
f 171/171/171 172/172/172 135/135/135
f 135/135/135 172/172/172 136/136/136
f 172/172/172 173/173/173 136/136/136
f 136/136/136 173/173/173 137/137/137
f 173/173/173 174/174/174 137/137/137
f 137/137/137 174/174/174 138/138/138
f 174/174/174 175/175/175 138/138/138
f 138/138/138 175/175/175 139/139/139
f 175/175/175 176/176/176 139/139/139
f 139/139/139 176/176/176 140/140/140
f 176/176/176 177/177/177 140/140/140
f 140/140/140 177/177/177 141/141/141
f 177/177/177 178/178/178 141/141/141
f 141/141/141 178/178/178 142/142/142
f 178/178/178 179/179/179 142/142/142
f 142/142/142 179/179/179 143/143/143
f 179/179/179 180/180/180 143/143/143
f 143/143/143 180/180/180 144/144/144
f 180/180/180 181/181/181 144/144/144
f 144/144/144 181/181/181 145/145/145
f 181/181/181 182/182/182 145/145/145
f 145/145/145 182/182/182 146/146/146
f 182/182/182 183/183/183 146/146/146
f 146/146/146 183/183/183 147/147/147
f 183/183/183 184/184/184 147/147/147
f 147/147/147 184/184/184 148/148/148
f 184/184/184 185/185/185 148/148/148
f 149/149/149 186/186/186 150/150/150
f 186/186/186 187/187/187 150/150/150
f 150/150/150 187/187/187 151/151/151
f 187/187/187 188/188/188 151/151/151
f 151/151/151 188/188/188 152/152/152
f 188/188/188 189/189/189 152/152/152
f 152/152/152 189/189/189 153/153/153
f 189/189/189 190/190/190 153/153/153
f 153/153/153 190/190/190 154/154/154
f 190/190/190 191/191/191 154/154/154
f 154/154/154 191/191/191 155/155/155
f 191/191/191 192/192/192 155/155/155
f 155/155/155 192/192/192 156/156/156
f 192/192/192 193/193/193 156/156/156
f 156/156/156 193/193/193 157/157/157
f 193/193/193 194/194/194 157/157/157
f 157/157/157 194/194/194 158/158/158
f 194/194/194 195/195/195 158/158/158
f 158/158/158 195/195/195 159/159/159
f 195/195/195 196/196/196 159/159/159
f 159/159/159 196/196/196 160/160/160
f 196/196/196 197/197/197 160/160/160
f 160/160/160 197/197/197 161/161/161
f 197/197/197 198/198/198 161/161/161
f 161/161/161 198/198/198 162/162/162
f 198/198/198 199/199/199 162/162/162
f 162/162/162 199/199/199 163/163/163
f 199/199/199 200/200/200 163/163/163
f 163/163/163 200/200/200 164/164/164
f 200/200/200 201/201/201 164/164/164
f 164/164/164 201/201/201 165/165/165
f 201/201/201 202/202/202 165/165/165
f 165/165/165 202/202/202 166/166/166
f 202/202/202 203/203/203 166/166/166
f 166/166/166 203/203/203 167/167/167
f 203/203/203 204/204/204 167/167/167
f 167/167/167 204/204/204 168/168/168
f 204/204/204 205/205/205 168/168/168
f 168/168/168 205/205/205 169/169/169
f 205/205/205 206/206/206 169/169/169
f 169/169/169 206/206/206 170/170/170
f 206/206/206 207/207/207 170/170/170
f 170/170/170 207/207/207 171/171/171
f 207/207/207 208/208/208 171/171/171
f 171/171/171 208/208/208 172/172/172
f 208/208/208 209/209/209 172/172/172
f 172/172/172 209/209/209 173/173/173
f 209/209/209 210/210/210 173/173/173
f 173/173/173 210/210/210 174/174/174
f 210/210/210 211/211/211 174/174/174
f 174/174/174 211/211/211 175/175/175
f 211/211/211 212/212/212 175/175/175
f 175/175/175 212/212/212 176/176/176
f 212/212/212 213/213/213 176/176/176
f 176/176/176 213/213/213 177/177/177
f 213/213/213 214/214/214 177/177/177
f 177/177/177 214/214/214 178/178/178
f 214/214/214 215/215/215 178/178/178
f 178/178/178 215/215/215 179/179/179
f 215/215/215 216/216/216 179/179/179
f 179/179/179 216/216/216 180/180/180
f 216/216/216 217/217/217 180/180/180
f 180/180/180 217/217/217 181/181/181
f 217/217/217 218/218/218 181/181/181
f 181/181/181 218/218/218 182/182/182
f 218/218/218 219/219/219 182/182/182
f 182/182/182 219/219/219 183/183/183
f 219/219/219 220/220/220 183/183/183
f 183/183/183 220/220/220 184/184/184
f 220/220/220 221/221/221 184/184/184
f 184/184/184 221/221/221 185/185/185
f 221/221/221 222/222/222 185/185/185
f 186/186/186 223/223/223 187/187/187
f 223/223/223 224/224/224 187/187/187
f 187/187/187 224/224/224 188/188/188
f 224/224/224 225/225/225 188/188/188
f 188/188/188 225/225/225 189/189/189
f 225/225/225 226/226/226 189/189/189
f 189/189/189 226/226/226 190/190/190
f 226/226/226 227/227/227 190/190/190
f 190/190/190 227/227/227 191/191/191
f 227/227/227 228/228/228 191/191/191
f 191/191/191 228/228/228 192/192/192
f 228/228/228 229/229/229 192/192/192
f 192/192/192 229/229/229 193/193/193
f 229/229/229 230/230/230 193/193/193
f 193/193/193 230/230/230 194/194/194
f 230/230/230 231/231/231 194/194/194
f 194/194/194 231/231/231 195/195/195
f 231/231/231 232/232/232 195/195/195
f 195/195/195 232/232/232 196/196/196
f 232/232/232 233/233/233 196/196/196
f 196/196/196 233/233/233 197/197/197
f 233/233/233 234/234/234 197/197/197
f 197/197/197 234/234/234 198/198/198
f 234/234/234 235/235/235 198/198/198
f 198/198/198 235/235/235 199/199/199
f 235/235/235 236/236/236 199/199/199
f 199/199/199 236/236/236 200/200/200
f 236/236/236 237/237/237 200/200/200
f 200/200/200 237/237/237 201/201/201
f 237/237/237 238/238/238 201/201/201
f 201/201/201 238/238/238 202/202/202
f 238/238/238 239/239/239 202/202/202
f 202/202/202 239/239/239 203/203/203
f 239/239/239 240/240/240 203/203/203
f 203/203/203 240/240/240 204/204/204
f 240/240/240 241/241/241 204/204/204
f 204/204/204 241/241/241 205/205/205
f 241/241/241 242/242/242 205/205/205
f 205/205/205 242/242/242 206/206/206
f 242/242/242 243/243/243 206/206/206
f 206/206/206 243/243/243 207/207/207
f 243/243/243 244/244/244 207/207/207
f 207/207/207 244/244/244 208/208/208
f 244/244/244 245/245/245 208/208/208
f 208/208/208 245/245/245 209/209/209
f 245/245/245 246/246/246 209/209/209
f 209/209/209 246/246/246 210/210/210
f 246/246/246 247/247/247 210/210/210
f 210/210/210 247/247/247 211/211/211
f 247/247/247 248/248/248 211/211/211
f 211/211/211 248/248/248 212/212/212
f 248/248/248 249/249/249 212/212/212
f 212/212/212 249/249/249 213/213/213
f 249/249/249 250/250/250 213/213/213
f 213/213/213 250/250/250 214/214/214
f 250/250/250 251/251/251 214/214/214
f 214/214/214 251/251/251 215/215/215
f 251/251/251 252/252/252 215/215/215
f 215/215/215 252/252/252 216/216/216
f 252/252/252 253/253/253 216/216/216
f 216/216/216 253/253/253 217/217/217
f 253/253/253 254/254/254 217/217/217
f 217/217/217 254/254/254 218/218/218
f 254/254/254 255/255/255 218/218/218
f 218/218/218 255/255/255 219/219/219
f 255/255/255 256/256/256 219/219/219
f 219/219/219 256/256/256 220/220/220
f 256/256/256 257/257/257 220/220/220
f 220/220/220 257/257/257 221/221/221
f 257/257/257 258/258/258 221/221/221
f 221/221/221 258/258/258 222/222/222
f 258/258/258 259/259/259 222/222/222
f 223/223/223 260/260/260 224/224/224
f 260/260/260 261/261/261 224/224/224
f 224/224/224 261/261/261 225/225/225
f 261/261/261 262/262/262 225/225/225
f 225/225/225 262/262/262 226/226/226
f 262/262/262 263/263/263 226/226/226
f 226/226/226 263/263/263 227/227/227
f 263/263/263 264/264/264 227/227/227
f 227/227/227 264/264/264 228/228/228
f 264/264/264 265/265/265 228/228/228
f 228/228/228 265/265/265 229/229/229
f 265/265/265 266/266/266 229/229/229
f 229/229/229 266/266/266 230/230/230
f 266/266/266 267/267/267 230/230/230
f 230/230/230 267/267/267 231/231/231
f 267/267/267 268/268/268 231/231/231
f 231/231/231 268/268/268 232/232/232
f 268/268/268 269/269/269 232/232/232
f 232/232/232 269/269/269 233/233/233
f 269/269/269 270/270/270 233/233/233
f 233/233/233 270/270/270 234/234/234
f 270/270/270 271/271/271 234/234/234
f 234/234/234 271/271/271 235/235/235
f 271/271/271 272/272/272 235/235/235
f 235/235/235 272/272/272 236/236/236
f 272/272/272 273/273/273 236/236/236
f 236/236/236 273/273/273 237/237/237
f 273/273/273 274/274/274 237/237/237
f 237/237/237 274/274/274 238/238/238
f 274/274/274 275/275/275 238/238/238
f 238/238/238 275/275/275 239/239/239
f 275/275/275 276/276/276 239/239/239
f 239/239/239 276/276/276 240/240/240
f 276/276/276 277/277/277 240/240/240
f 240/240/240 277/277/277 241/241/241
f 277/277/277 278/278/278 241/241/241
f 241/241/241 278/278/278 242/242/242
f 278/278/278 279/279/279 242/242/242
f 242/242/242 279/279/279 243/243/243
f 279/279/279 280/280/280 243/243/243
f 243/243/243 280/280/280 244/244/244
f 280/280/280 281/281/281 244/244/244
f 244/244/244 281/281/281 245/245/245
f 281/281/281 282/282/282 245/245/245
f 245/245/245 282/282/282 246/246/246
f 282/282/282 283/283/283 246/246/246
f 246/246/246 283/283/283 247/247/247
f 283/283/283 284/284/284 247/247/247
f 247/247/247 284/284/284 248/248/248
f 284/284/284 285/285/285 248/248/248
f 248/248/248 285/285/285 249/249/249
f 285/285/285 286/286/286 249/249/249
f 249/249/249 286/286/286 250/250/250
f 286/286/286 287/287/287 250/250/250
f 250/250/250 287/287/287 251/251/251
f 287/287/287 288/288/288 251/251/251
f 251/251/251 288/288/288 252/252/252
f 288/288/288 289/289/289 252/252/252
f 252/252/252 289/289/289 253/253/253
f 289/289/289 290/290/290 253/253/253
f 253/253/253 290/290/290 254/254/254
f 290/290/290 291/291/291 254/254/254
f 254/254/254 291/291/291 255/255/255
f 291/291/291 292/292/292 255/255/255
f 255/255/255 292/292/292 256/256/256
f 292/292/292 293/293/293 256/256/256
f 256/256/256 293/293/293 257/257/257
f 293/293/293 294/294/294 257/257/257
f 257/257/257 294/294/294 258/258/258
f 294/294/294 295/295/295 258/258/258
f 258/258/258 295/295/295 259/259/259
f 295/295/295 296/296/296 259/259/259
f 260/260/260 297/297/297 261/261/261
f 297/297/297 298/298/298 261/261/261
f 261/261/261 298/298/298 262/262/262
f 298/298/298 299/299/299 262/262/262
f 262/262/262 299/299/299 263/263/263
f 299/299/299 300/300/300 263/263/263
f 263/263/263 300/300/300 264/264/264
f 300/300/300 301/301/301 264/264/264
f 264/264/264 301/301/301 265/265/265
f 301/301/301 302/302/302 265/265/265
f 265/265/265 302/302/302 266/266/266
f 302/302/302 303/303/303 266/266/266
f 266/266/266 303/303/303 267/267/267
f 303/303/303 304/304/304 267/267/267
f 267/267/267 304/304/304 268/268/268
f 304/304/304 305/305/305 268/268/268
f 268/268/268 305/305/305 269/269/269
f 305/305/305 306/306/306 269/269/269
f 269/269/269 306/306/306 270/270/270
f 306/306/306 307/307/307 270/270/270
f 270/270/270 307/307/307 271/271/271
f 307/307/307 308/308/308 271/271/271
f 271/271/271 308/308/308 272/272/272
f 308/308/308 309/309/309 272/272/272
f 272/272/272 309/309/309 273/273/273
f 309/309/309 310/310/310 273/273/273
f 273/273/273 310/310/310 274/274/274
f 310/310/310 311/311/311 274/274/274
f 274/274/274 311/311/311 275/275/275
f 311/311/311 312/312/312 275/275/275
f 275/275/275 312/312/312 276/276/276
f 312/312/312 313/313/313 276/276/276
f 276/276/276 313/313/313 277/277/277
f 313/313/313 314/314/314 277/277/277
f 277/277/277 314/314/314 278/278/278
f 314/314/314 315/315/315 278/278/278
f 278/278/278 315/315/315 279/279/279
f 315/315/315 316/316/316 279/279/279
f 279/279/279 316/316/316 280/280/280
f 316/316/316 317/317/317 280/280/280
f 280/280/280 317/317/317 281/281/281
f 317/317/317 318/318/318 281/281/281
f 281/281/281 318/318/318 282/282/282
f 318/318/318 319/319/319 282/282/282
f 282/282/282 319/319/319 283/283/283
f 319/319/319 320/320/320 283/283/283
f 283/283/283 320/320/320 284/284/284
f 320/320/320 321/321/321 284/284/284
f 284/284/284 321/321/321 285/285/285
f 321/321/321 322/322/322 285/285/285
f 285/285/285 322/322/322 286/286/286
f 322/322/322 323/323/323 286/286/286
f 286/286/286 323/323/323 287/287/287
f 323/323/323 324/324/324 287/287/287
f 287/287/287 324/324/324 288/288/288
f 324/324/324 325/325/325 288/288/288
f 288/288/288 325/325/325 289/289/289
f 325/325/325 326/326/326 289/289/289
f 289/289/289 326/326/326 290/290/290
f 326/326/326 327/327/327 290/290/290
f 290/290/290 327/327/327 291/291/291
f 327/327/327 328/328/328 291/291/291
f 291/291/291 328/328/328 292/292/292
f 328/328/328 329/329/329 292/292/292
f 292/292/292 329/329/329 293/293/293
f 329/329/329 330/330/330 293/293/293
f 293/293/293 330/330/330 294/294/294
f 330/330/330 331/331/331 294/294/294
f 294/294/294 331/331/331 295/295/295
f 331/331/331 332/332/332 295/295/295
f 295/295/295 332/332/332 296/296/296
f 332/332/332 333/333/333 296/296/296
f 297/297/297 334/334/334 298/298/298
f 334/334/334 335/335/335 298/298/298
f 298/298/298 335/335/335 299/299/299
f 335/335/335 336/336/336 299/299/299
f 299/299/299 336/336/336 300/300/300
f 336/336/336 337/337/337 300/300/300
f 300/300/300 337/337/337 301/301/301
f 337/337/337 338/338/338 301/301/301
f 301/301/301 338/338/338 302/302/302
f 338/338/338 339/339/339 302/302/302
f 302/302/302 339/339/339 303/303/303
f 339/339/339 340/340/340 303/303/303
f 303/303/303 340/340/340 304/304/304
f 340/340/340 341/341/341 304/304/304
f 304/304/304 341/341/341 305/305/305
f 341/341/341 342/342/342 305/305/305
f 305/305/305 342/342/342 306/306/306
f 342/342/342 343/343/343 306/306/306
f 306/306/306 343/343/343 307/307/307
f 343/343/343 344/344/344 307/307/307
f 307/307/307 344/344/344 308/308/308
f 344/344/344 345/345/345 308/308/308
f 308/308/308 345/345/345 309/309/309
f 345/345/345 346/346/346 309/309/309
f 309/309/309 346/346/346 310/310/310
f 346/346/346 347/347/347 310/310/310
f 310/310/310 347/347/347 311/311/311
f 347/347/347 348/348/348 311/311/311
f 311/311/311 348/348/348 312/312/312
f 348/348/348 349/349/349 312/312/312
f 312/312/312 349/349/349 313/313/313
f 349/349/349 350/350/350 313/313/313
f 313/313/313 350/350/350 314/314/314
f 350/350/350 351/351/351 314/314/314
f 314/314/314 351/351/351 315/315/315
f 351/351/351 352/352/352 315/315/315
f 315/315/315 352/352/352 316/316/316
f 352/352/352 353/353/353 316/316/316
f 316/316/316 353/353/353 317/317/317
f 353/353/353 354/354/354 317/317/317
f 317/317/317 354/354/354 318/318/318
f 354/354/354 355/355/355 318/318/318
f 318/318/318 355/355/355 319/319/319
f 355/355/355 356/356/356 319/319/319
f 319/319/319 356/356/356 320/320/320
f 356/356/356 357/357/357 320/320/320
f 320/320/320 357/357/357 321/321/321
f 357/357/357 358/358/358 321/321/321
f 321/321/321 358/358/358 322/322/322
f 358/358/358 359/359/359 322/322/322
f 322/322/322 359/359/359 323/323/323
f 359/359/359 360/360/360 323/323/323
f 323/323/323 360/360/360 324/324/324
f 360/360/360 361/361/361 324/324/324
f 324/324/324 361/361/361 325/325/325
f 361/361/361 362/362/362 325/325/325
f 325/325/325 362/362/362 326/326/326
f 362/362/362 363/363/363 326/326/326
f 326/326/326 363/363/363 327/327/327
f 363/363/363 364/364/364 327/327/327
f 327/327/327 364/364/364 328/328/328
f 364/364/364 365/365/365 328/328/328
f 328/328/328 365/365/365 329/329/329
f 365/365/365 366/366/366 329/329/329
f 329/329/329 366/366/366 330/330/330
f 366/366/366 367/367/367 330/330/330
f 330/330/330 367/367/367 331/331/331
f 367/367/367 368/368/368 331/331/331
f 331/331/331 368/368/368 332/332/332
f 368/368/368 369/369/369 332/332/332
f 332/332/332 369/369/369 333/333/333
f 369/369/369 370/370/370 333/333/333
f 334/334/334 371/371/371 335/335/335
f 371/371/371 372/372/372 335/335/335
f 335/335/335 372/372/372 336/336/336
f 372/372/372 373/373/373 336/336/336
f 336/336/336 373/373/373 337/337/337
f 373/373/373 374/374/374 337/337/337
f 337/337/337 374/374/374 338/338/338
f 374/374/374 375/375/375 338/338/338
f 338/338/338 375/375/375 339/339/339
f 375/375/375 376/376/376 339/339/339
f 339/339/339 376/376/376 340/340/340
f 376/376/376 377/377/377 340/340/340
f 340/340/340 377/377/377 341/341/341
f 377/377/377 378/378/378 341/341/341
f 341/341/341 378/378/378 342/342/342
f 378/378/378 379/379/379 342/342/342
f 342/342/342 379/379/379 343/343/343
f 379/379/379 380/380/380 343/343/343
f 343/343/343 380/380/380 344/344/344
f 380/380/380 381/381/381 344/344/344
f 344/344/344 381/381/381 345/345/345
f 381/381/381 382/382/382 345/345/345
f 345/345/345 382/382/382 346/346/346
f 382/382/382 383/383/383 346/346/346
f 346/346/346 383/383/383 347/347/347
f 383/383/383 384/384/384 347/347/347
f 347/347/347 384/384/384 348/348/348
f 384/384/384 385/385/385 348/348/348
f 348/348/348 385/385/385 349/349/349
f 385/385/385 386/386/386 349/349/349
f 349/349/349 386/386/386 350/350/350
f 386/386/386 387/387/387 350/350/350
f 350/350/350 387/387/387 351/351/351
f 387/387/387 388/388/388 351/351/351
f 351/351/351 388/388/388 352/352/352
f 388/388/388 389/389/389 352/352/352
f 352/352/352 389/389/389 353/353/353
f 389/389/389 390/390/390 353/353/353
f 353/353/353 390/390/390 354/354/354
f 390/390/390 391/391/391 354/354/354
f 354/354/354 391/391/391 355/355/355
f 391/391/391 392/392/392 355/355/355
f 355/355/355 392/392/392 356/356/356
f 392/392/392 393/393/393 356/356/356
f 356/356/356 393/393/393 357/357/357
f 393/393/393 394/394/394 357/357/357
f 357/357/357 394/394/394 358/358/358
f 394/394/394 395/395/395 358/358/358
f 358/358/358 395/395/395 359/359/359
f 395/395/395 396/396/396 359/359/359
f 359/359/359 396/396/396 360/360/360
f 396/396/396 397/397/397 360/360/360
f 360/360/360 397/397/397 361/361/361
f 397/397/397 398/398/398 361/361/361
f 361/361/361 398/398/398 362/362/362
f 398/398/398 399/399/399 362/362/362
f 362/362/362 399/399/399 363/363/363
f 399/399/399 400/400/400 363/363/363
f 363/363/363 400/400/400 364/364/364
f 400/400/400 401/401/401 364/364/364
f 364/364/364 401/401/401 365/365/365
f 401/401/401 402/402/402 365/365/365
f 365/365/365 402/402/402 366/366/366
f 402/402/402 403/403/403 366/366/366
f 366/366/366 403/403/403 367/367/367
f 403/403/403 404/404/404 367/367/367
f 367/367/367 404/404/404 368/368/368
f 404/404/404 405/405/405 368/368/368
f 368/368/368 405/405/405 369/369/369
f 405/405/405 406/406/406 369/369/369
f 369/369/369 406/406/406 370/370/370
f 406/406/406 407/407/407 370/370/370
f 371/371/371 408/408/408 372/372/372
f 408/408/408 409/409/409 372/372/372
f 372/372/372 409/409/409 373/373/373
f 409/409/409 410/410/410 373/373/373
f 373/373/373 410/410/410 374/374/374
f 410/410/410 411/411/411 374/374/374
f 374/374/374 411/411/411 375/375/375
f 411/411/411 412/412/412 375/375/375
f 375/375/375 412/412/412 376/376/376
f 412/412/412 413/413/413 376/376/376
f 376/376/376 413/413/413 377/377/377
f 413/413/413 414/414/414 377/377/377
f 377/377/377 414/414/414 378/378/378
f 414/414/414 415/415/415 378/378/378
f 378/378/378 415/415/415 379/379/379
f 415/415/415 416/416/416 379/379/379
f 379/379/379 416/416/416 380/380/380
f 416/416/416 417/417/417 380/380/380
f 380/380/380 417/417/417 381/381/381
f 417/417/417 418/418/418 381/381/381
f 381/381/381 418/418/418 382/382/382
f 418/418/418 419/419/419 382/382/382
f 382/382/382 419/419/419 383/383/383
f 419/419/419 420/420/420 383/383/383
f 383/383/383 420/420/420 384/384/384
f 420/420/420 421/421/421 384/384/384
f 384/384/384 421/421/421 385/385/385
f 421/421/421 422/422/422 385/385/385
f 385/385/385 422/422/422 386/386/386
f 422/422/422 423/423/423 386/386/386
f 386/386/386 423/423/423 387/387/387
f 423/423/423 424/424/424 387/387/387
f 387/387/387 424/424/424 388/388/388
f 424/424/424 425/425/425 388/388/388
f 388/388/388 425/425/425 389/389/389
f 425/425/425 426/426/426 389/389/389
f 389/389/389 426/426/426 390/390/390
f 426/426/426 427/427/427 390/390/390
f 390/390/390 427/427/427 391/391/391
f 427/427/427 428/428/428 391/391/391
f 391/391/391 428/428/428 392/392/392
f 428/428/428 429/429/429 392/392/392
f 392/392/392 429/429/429 393/393/393
f 429/429/429 430/430/430 393/393/393
f 393/393/393 430/430/430 394/394/394
f 430/430/430 431/431/431 394/394/394
f 394/394/394 431/431/431 395/395/395
f 431/431/431 432/432/432 395/395/395
f 395/395/395 432/432/432 396/396/396
f 432/432/432 433/433/433 396/396/396
f 396/396/396 433/433/433 397/397/397
f 433/433/433 434/434/434 397/397/397
f 397/397/397 434/434/434 398/398/398
f 434/434/434 435/435/435 398/398/398
f 398/398/398 435/435/435 399/399/399
f 435/435/435 436/436/436 399/399/399
f 399/399/399 436/436/436 400/400/400
f 436/436/436 437/437/437 400/400/400
f 400/400/400 437/437/437 401/401/401
f 437/437/437 438/438/438 401/401/401
f 401/401/401 438/438/438 402/402/402
f 438/438/438 439/439/439 402/402/402
f 402/402/402 439/439/439 403/403/403
f 439/439/439 440/440/440 403/403/403
f 403/403/403 440/440/440 404/404/404
f 440/440/440 441/441/441 404/404/404
f 404/404/404 441/441/441 405/405/405
f 441/441/441 442/442/442 405/405/405
f 405/405/405 442/442/442 406/406/406
f 442/442/442 443/443/443 406/406/406
f 406/406/406 443/443/443 407/407/407
f 443/443/443 444/444/444 407/407/407
f 408/408/408 445/445/445 409/409/409
f 445/445/445 446/446/446 409/409/409
f 409/409/409 446/446/446 410/410/410
f 446/446/446 447/447/447 410/410/410
f 410/410/410 447/447/447 411/411/411
f 447/447/447 448/448/448 411/411/411
f 411/411/411 448/448/448 412/412/412
f 448/448/448 449/449/449 412/412/412
f 412/412/412 449/449/449 413/413/413
f 449/449/449 450/450/450 413/413/413
f 413/413/413 450/450/450 414/414/414
f 450/450/450 451/451/451 414/414/414
f 414/414/414 451/451/451 415/415/415
f 451/451/451 452/452/452 415/415/415
f 415/415/415 452/452/452 416/416/416
f 452/452/452 453/453/453 416/416/416
f 416/416/416 453/453/453 417/417/417
f 453/453/453 454/454/454 417/417/417
f 417/417/417 454/454/454 418/418/418
f 454/454/454 455/455/455 418/418/418
f 418/418/418 455/455/455 419/419/419
f 455/455/455 456/456/456 419/419/419
f 419/419/419 456/456/456 420/420/420
f 456/456/456 457/457/457 420/420/420
f 420/420/420 457/457/457 421/421/421
f 457/457/457 458/458/458 421/421/421
f 421/421/421 458/458/458 422/422/422
f 458/458/458 459/459/459 422/422/422
f 422/422/422 459/459/459 423/423/423
f 459/459/459 460/460/460 423/423/423
f 423/423/423 460/460/460 424/424/424
f 460/460/460 461/461/461 424/424/424
f 424/424/424 461/461/461 425/425/425
f 461/461/461 462/462/462 425/425/425
f 425/425/425 462/462/462 426/426/426
f 462/462/462 463/463/463 426/426/426
f 426/426/426 463/463/463 427/427/427
f 463/463/463 464/464/464 427/427/427
f 427/427/427 464/464/464 428/428/428
f 464/464/464 465/465/465 428/428/428
f 428/428/428 465/465/465 429/429/429
f 465/465/465 466/466/466 429/429/429
f 429/429/429 466/466/466 430/430/430
f 466/466/466 467/467/467 430/430/430
f 430/430/430 467/467/467 431/431/431
f 467/467/467 468/468/468 431/431/431
f 431/431/431 468/468/468 432/432/432
f 468/468/468 469/469/469 432/432/432
f 432/432/432 469/469/469 433/433/433
f 469/469/469 470/470/470 433/433/433
f 433/433/433 470/470/470 434/434/434
f 470/470/470 471/471/471 434/434/434
f 434/434/434 471/471/471 435/435/435
f 471/471/471 472/472/472 435/435/435
f 435/435/435 472/472/472 436/436/436
f 472/472/472 473/473/473 436/436/436
f 436/436/436 473/473/473 437/437/437
f 473/473/473 474/474/474 437/437/437
f 437/437/437 474/474/474 438/438/438
f 474/474/474 475/475/475 438/438/438
f 438/438/438 475/475/475 439/439/439
f 475/475/475 476/476/476 439/439/439
f 439/439/439 476/476/476 440/440/440
f 476/476/476 477/477/477 440/440/440
f 440/440/440 477/477/477 441/441/441
f 477/477/477 478/478/478 441/441/441
f 441/441/441 478/478/478 442/442/442
f 478/478/478 479/479/479 442/442/442
f 442/442/442 479/479/479 443/443/443
f 479/479/479 480/480/480 443/443/443
f 443/443/443 480/480/480 444/444/444
f 480/480/480 481/481/481 444/444/444
f 445/445/445 482/482/482 446/446/446
f 482/482/482 483/483/483 446/446/446
f 446/446/446 483/483/483 447/447/447
f 483/483/483 484/484/484 447/447/447
f 447/447/447 484/484/484 448/448/448
f 484/484/484 485/485/485 448/448/448
f 448/448/448 485/485/485 449/449/449
f 485/485/485 486/486/486 449/449/449
f 449/449/449 486/486/486 450/450/450
f 486/486/486 487/487/487 450/450/450
f 450/450/450 487/487/487 451/451/451
f 487/487/487 488/488/488 451/451/451
f 451/451/451 488/488/488 452/452/452
f 488/488/488 489/489/489 452/452/452
f 452/452/452 489/489/489 453/453/453
f 489/489/489 490/490/490 453/453/453
f 453/453/453 490/490/490 454/454/454
f 490/490/490 491/491/491 454/454/454
f 454/454/454 491/491/491 455/455/455
f 491/491/491 492/492/492 455/455/455
f 455/455/455 492/492/492 456/456/456
f 492/492/492 493/493/493 456/456/456
f 456/456/456 493/493/493 457/457/457
f 493/493/493 494/494/494 457/457/457
f 457/457/457 494/494/494 458/458/458
f 494/494/494 495/495/495 458/458/458
f 458/458/458 495/495/495 459/459/459
f 495/495/495 496/496/496 459/459/459
f 459/459/459 496/496/496 460/460/460
f 496/496/496 497/497/497 460/460/460
f 460/460/460 497/497/497 461/461/461
f 497/497/497 498/498/498 461/461/461
f 461/461/461 498/498/498 462/462/462
f 498/498/498 499/499/499 462/462/462
f 462/462/462 499/499/499 463/463/463
f 499/499/499 500/500/500 463/463/463
f 463/463/463 500/500/500 464/464/464
f 500/500/500 501/501/501 464/464/464
f 464/464/464 501/501/501 465/465/465
f 501/501/501 502/502/502 465/465/465
f 465/465/465 502/502/502 466/466/466
f 502/502/502 503/503/503 466/466/466
f 466/466/466 503/503/503 467/467/467
f 503/503/503 504/504/504 467/467/467
f 467/467/467 504/504/504 468/468/468
f 504/504/504 505/505/505 468/468/468
f 468/468/468 505/505/505 469/469/469
f 505/505/505 506/506/506 469/469/469
f 469/469/469 506/506/506 470/470/470
f 506/506/506 507/507/507 470/470/470
f 470/470/470 507/507/507 471/471/471
f 507/507/507 508/508/508 471/471/471
f 471/471/471 508/508/508 472/472/472
f 508/508/508 509/509/509 472/472/472
f 472/472/472 509/509/509 473/473/473
f 509/509/509 510/510/510 473/473/473
f 473/473/473 510/510/510 474/474/474
f 510/510/510 511/511/511 474/474/474
f 474/474/474 511/511/511 475/475/475
f 511/511/511 512/512/512 475/475/475
f 475/475/475 512/512/512 476/476/476
f 512/512/512 513/513/513 476/476/476
f 476/476/476 513/513/513 477/477/477
f 513/513/513 514/514/514 477/477/477
f 477/477/477 514/514/514 478/478/478
f 514/514/514 515/515/515 478/478/478
f 478/478/478 515/515/515 479/479/479
f 515/515/515 516/516/516 479/479/479
f 479/479/479 516/516/516 480/480/480
f 516/516/516 517/517/517 480/480/480
f 480/480/480 517/517/517 481/481/481
f 517/517/517 518/518/518 481/481/481
f 482/482/482 519/519/519 483/483/483
f 519/519/519 520/520/520 483/483/483
f 483/483/483 520/520/520 484/484/484
f 520/520/520 521/521/521 484/484/484
f 484/484/484 521/521/521 485/485/485
f 521/521/521 522/522/522 485/485/485
f 485/485/485 522/522/522 486/486/486
f 522/522/522 523/523/523 486/486/486
f 486/486/486 523/523/523 487/487/487
f 523/523/523 524/524/524 487/487/487
f 487/487/487 524/524/524 488/488/488
f 524/524/524 525/525/525 488/488/488
f 488/488/488 525/525/525 489/489/489
f 525/525/525 526/526/526 489/489/489
f 489/489/489 526/526/526 490/490/490
f 526/526/526 527/527/527 490/490/490
f 490/490/490 527/527/527 491/491/491
f 527/527/527 528/528/528 491/491/491
f 491/491/491 528/528/528 492/492/492
f 528/528/528 529/529/529 492/492/492
f 492/492/492 529/529/529 493/493/493
f 529/529/529 530/530/530 493/493/493
f 493/493/493 530/530/530 494/494/494
f 530/530/530 531/531/531 494/494/494
f 494/494/494 531/531/531 495/495/495
f 531/531/531 532/532/532 495/495/495
f 495/495/495 532/532/532 496/496/496
f 532/532/532 533/533/533 496/496/496
f 496/496/496 533/533/533 497/497/497
f 533/533/533 534/534/534 497/497/497
f 497/497/497 534/534/534 498/498/498
f 534/534/534 535/535/535 498/498/498
f 498/498/498 535/535/535 499/499/499
f 535/535/535 536/536/536 499/499/499
f 499/499/499 536/536/536 500/500/500
f 536/536/536 537/537/537 500/500/500
f 500/500/500 537/537/537 501/501/501
f 537/537/537 538/538/538 501/501/501
f 501/501/501 538/538/538 502/502/502
f 538/538/538 539/539/539 502/502/502
f 502/502/502 539/539/539 503/503/503
f 539/539/539 540/540/540 503/503/503
f 503/503/503 540/540/540 504/504/504
f 540/540/540 541/541/541 504/504/504
f 504/504/504 541/541/541 505/505/505
f 541/541/541 542/542/542 505/505/505
f 505/505/505 542/542/542 506/506/506
f 542/542/542 543/543/543 506/506/506
f 506/506/506 543/543/543 507/507/507
f 543/543/543 544/544/544 507/507/507
f 507/507/507 544/544/544 508/508/508
f 544/544/544 545/545/545 508/508/508
f 508/508/508 545/545/545 509/509/509
f 545/545/545 546/546/546 509/509/509
f 509/509/509 546/546/546 510/510/510
f 546/546/546 547/547/547 510/510/510
f 510/510/510 547/547/547 511/511/511
f 547/547/547 548/548/548 511/511/511
f 511/511/511 548/548/548 512/512/512
f 548/548/548 549/549/549 512/512/512
f 512/512/512 549/549/549 513/513/513
f 549/549/549 550/550/550 513/513/513
f 513/513/513 550/550/550 514/514/514
f 550/550/550 551/551/551 514/514/514
f 514/514/514 551/551/551 515/515/515
f 551/551/551 552/552/552 515/515/515
f 515/515/515 552/552/552 516/516/516
f 552/552/552 553/553/553 516/516/516
f 516/516/516 553/553/553 517/517/517
f 553/553/553 554/554/554 517/517/517
f 517/517/517 554/554/554 518/518/518
f 554/554/554 555/555/555 518/518/518
f 519/519/519 556/556/556 520/520/520
f 556/556/556 557/557/557 520/520/520
f 520/520/520 557/557/557 521/521/521
f 557/557/557 558/558/558 521/521/521
f 521/521/521 558/558/558 522/522/522
f 558/558/558 559/559/559 522/522/522
f 522/522/522 559/559/559 523/523/523
f 559/559/559 560/560/560 523/523/523
f 523/523/523 560/560/560 524/524/524
f 560/560/560 561/561/561 524/524/524
f 524/524/524 561/561/561 525/525/525
f 561/561/561 562/562/562 525/525/525
f 525/525/525 562/562/562 526/526/526
f 562/562/562 563/563/563 526/526/526
f 526/526/526 563/563/563 527/527/527
f 563/563/563 564/564/564 527/527/527
f 527/527/527 564/564/564 528/528/528
f 564/564/564 565/565/565 528/528/528
f 528/528/528 565/565/565 529/529/529
f 565/565/565 566/566/566 529/529/529
f 529/529/529 566/566/566 530/530/530
f 566/566/566 567/567/567 530/530/530
f 530/530/530 567/567/567 531/531/531
f 567/567/567 568/568/568 531/531/531
f 531/531/531 568/568/568 532/532/532
f 568/568/568 569/569/569 532/532/532
f 532/532/532 569/569/569 533/533/533
f 569/569/569 570/570/570 533/533/533
f 533/533/533 570/570/570 534/534/534
f 570/570/570 571/571/571 534/534/534
f 534/534/534 571/571/571 535/535/535
f 571/571/571 572/572/572 535/535/535
f 535/535/535 572/572/572 536/536/536
f 572/572/572 573/573/573 536/536/536
f 536/536/536 573/573/573 537/537/537
f 573/573/573 574/574/574 537/537/537
f 537/537/537 574/574/574 538/538/538
f 574/574/574 575/575/575 538/538/538
f 538/538/538 575/575/575 539/539/539
f 575/575/575 576/576/576 539/539/539
f 539/539/539 576/576/576 540/540/540
f 576/576/576 577/577/577 540/540/540
f 540/540/540 577/577/577 541/541/541
f 577/577/577 578/578/578 541/541/541
f 541/541/541 578/578/578 542/542/542
f 578/578/578 579/579/579 542/542/542
f 542/542/542 579/579/579 543/543/543
f 579/579/579 580/580/580 543/543/543
f 543/543/543 580/580/580 544/544/544
f 580/580/580 581/581/581 544/544/544
f 544/544/544 581/581/581 545/545/545
f 581/581/581 582/582/582 545/545/545
f 545/545/545 582/582/582 546/546/546
f 582/582/582 583/583/583 546/546/546
f 546/546/546 583/583/583 547/547/547
f 583/583/583 584/584/584 547/547/547
f 547/547/547 584/584/584 548/548/548
f 584/584/584 585/585/585 548/548/548
f 548/548/548 585/585/585 549/549/549
f 585/585/585 586/586/586 549/549/549
f 549/549/549 586/586/586 550/550/550
f 586/586/586 587/587/587 550/550/550
f 550/550/550 587/587/587 551/551/551
f 587/587/587 588/588/588 551/551/551
f 551/551/551 588/588/588 552/552/552
f 588/588/588 589/589/589 552/552/552
f 552/552/552 589/589/589 553/553/553
f 589/589/589 590/590/590 553/553/553
f 553/553/553 590/590/590 554/554/554
f 590/590/590 591/591/591 554/554/554
f 554/554/554 591/591/591 555/555/555
f 591/591/591 592/592/592 555/555/555
f 556/556/556 593/593/593 557/557/557
f 593/593/593 594/594/594 557/557/557
f 557/557/557 594/594/594 558/558/558
f 594/594/594 595/595/595 558/558/558
f 558/558/558 595/595/595 559/559/559
f 595/595/595 596/596/596 559/559/559
f 559/559/559 596/596/596 560/560/560
f 596/596/596 597/597/597 560/560/560
f 560/560/560 597/597/597 561/561/561
f 597/597/597 598/598/598 561/561/561
f 561/561/561 598/598/598 562/562/562
f 598/598/598 599/599/599 562/562/562
f 562/562/562 599/599/599 563/563/563
f 599/599/599 600/600/600 563/563/563
f 563/563/563 600/600/600 564/564/564
f 600/600/600 601/601/601 564/564/564
f 564/564/564 601/601/601 565/565/565
f 601/601/601 602/602/602 565/565/565
f 565/565/565 602/602/602 566/566/566
f 602/602/602 603/603/603 566/566/566
f 566/566/566 603/603/603 567/567/567
f 603/603/603 604/604/604 567/567/567
f 567/567/567 604/604/604 568/568/568
f 604/604/604 605/605/605 568/568/568
f 568/568/568 605/605/605 569/569/569
f 605/605/605 606/606/606 569/569/569
f 569/569/569 606/606/606 570/570/570
f 606/606/606 607/607/607 570/570/570
f 570/570/570 607/607/607 571/571/571
f 607/607/607 608/608/608 571/571/571
f 571/571/571 608/608/608 572/572/572
f 608/608/608 609/609/609 572/572/572
f 572/572/572 609/609/609 573/573/573
f 609/609/609 610/610/610 573/573/573
f 573/573/573 610/610/610 574/574/574
f 610/610/610 611/611/611 574/574/574
f 574/574/574 611/611/611 575/575/575
f 611/611/611 612/612/612 575/575/575
f 575/575/575 612/612/612 576/576/576
f 612/612/612 613/613/613 576/576/576
f 576/576/576 613/613/613 577/577/577
f 613/613/613 614/614/614 577/577/577
f 577/577/577 614/614/614 578/578/578
f 614/614/614 615/615/615 578/578/578
f 578/578/578 615/615/615 579/579/579
f 615/615/615 616/616/616 579/579/579
f 579/579/579 616/616/616 580/580/580
f 616/616/616 617/617/617 580/580/580
f 580/580/580 617/617/617 581/581/581
f 617/617/617 618/618/618 581/581/581
f 581/581/581 618/618/618 582/582/582
f 618/618/618 619/619/619 582/582/582
f 582/582/582 619/619/619 583/583/583
f 619/619/619 620/620/620 583/583/583
f 583/583/583 620/620/620 584/584/584
f 620/620/620 621/621/621 584/584/584
f 584/584/584 621/621/621 585/585/585
f 621/621/621 622/622/622 585/585/585
f 585/585/585 622/622/622 586/586/586
f 622/622/622 623/623/623 586/586/586
f 586/586/586 623/623/623 587/587/587
f 623/623/623 624/624/624 587/587/587
f 587/587/587 624/624/624 588/588/588
f 624/624/624 625/625/625 588/588/588
f 588/588/588 625/625/625 589/589/589
f 625/625/625 626/626/626 589/589/589
f 589/589/589 626/626/626 590/590/590
f 626/626/626 627/627/627 590/590/590
f 590/590/590 627/627/627 591/591/591
f 627/627/627 628/628/628 591/591/591
f 591/591/591 628/628/628 592/592/592
f 628/628/628 629/629/629 592/592/592
f 593/593/593 630/630/630 594/594/594
f 630/630/630 631/631/631 594/594/594
f 594/594/594 631/631/631 595/595/595
f 631/631/631 632/632/632 595/595/595
f 595/595/595 632/632/632 596/596/596
f 632/632/632 633/633/633 596/596/596
f 596/596/596 633/633/633 597/597/597
f 633/633/633 634/634/634 597/597/597
f 597/597/597 634/634/634 598/598/598
f 634/634/634 635/635/635 598/598/598
f 598/598/598 635/635/635 599/599/599
f 635/635/635 636/636/636 599/599/599
f 599/599/599 636/636/636 600/600/600
f 636/636/636 637/637/637 600/600/600
f 600/600/600 637/637/637 601/601/601
f 637/637/637 638/638/638 601/601/601
f 601/601/601 638/638/638 602/602/602
f 638/638/638 639/639/639 602/602/602
f 602/602/602 639/639/639 603/603/603
f 639/639/639 640/640/640 603/603/603
f 603/603/603 640/640/640 604/604/604
f 640/640/640 641/641/641 604/604/604
f 604/604/604 641/641/641 605/605/605
f 641/641/641 642/642/642 605/605/605
f 605/605/605 642/642/642 606/606/606
f 642/642/642 643/643/643 606/606/606
f 606/606/606 643/643/643 607/607/607
f 643/643/643 644/644/644 607/607/607
f 607/607/607 644/644/644 608/608/608
f 644/644/644 645/645/645 608/608/608
f 608/608/608 645/645/645 609/609/609
f 645/645/645 646/646/646 609/609/609
f 609/609/609 646/646/646 610/610/610
f 646/646/646 647/647/647 610/610/610
f 610/610/610 647/647/647 611/611/611
f 647/647/647 648/648/648 611/611/611
f 611/611/611 648/648/648 612/612/612
f 648/648/648 649/649/649 612/612/612
f 612/612/612 649/649/649 613/613/613
f 649/649/649 650/650/650 613/613/613
f 613/613/613 650/650/650 614/614/614
f 650/650/650 651/651/651 614/614/614
f 614/614/614 651/651/651 615/615/615
f 651/651/651 652/652/652 615/615/615
f 615/615/615 652/652/652 616/616/616
f 652/652/652 653/653/653 616/616/616
f 616/616/616 653/653/653 617/617/617
f 653/653/653 654/654/654 617/617/617
f 617/617/617 654/654/654 618/618/618
f 654/654/654 655/655/655 618/618/618
f 618/618/618 655/655/655 619/619/619
f 655/655/655 656/656/656 619/619/619
f 619/619/619 656/656/656 620/620/620
f 656/656/656 657/657/657 620/620/620
f 620/620/620 657/657/657 621/621/621
f 657/657/657 658/658/658 621/621/621
f 621/621/621 658/658/658 622/622/622
f 658/658/658 659/659/659 622/622/622
f 622/622/622 659/659/659 623/623/623
f 659/659/659 660/660/660 623/623/623
f 623/623/623 660/660/660 624/624/624
f 660/660/660 661/661/661 624/624/624
f 624/624/624 661/661/661 625/625/625
f 661/661/661 662/662/662 625/625/625
f 625/625/625 662/662/662 626/626/626
f 662/662/662 663/663/663 626/626/626
f 626/626/626 663/663/663 627/627/627
f 663/663/663 664/664/664 627/627/627
f 627/627/627 664/664/664 628/628/628
f 664/664/664 665/665/665 628/628/628
f 628/628/628 665/665/665 629/629/629
f 665/665/665 666/666/666 629/629/629
f 630/630/630 667/667/667 631/631/631
f 667/667/667 668/668/668 631/631/631
f 631/631/631 668/668/668 632/632/632
f 668/668/668 669/669/669 632/632/632
f 632/632/632 669/669/669 633/633/633
f 669/669/669 670/670/670 633/633/633
f 633/633/633 670/670/670 634/634/634
f 670/670/670 671/671/671 634/634/634
f 634/634/634 671/671/671 635/635/635
f 671/671/671 672/672/672 635/635/635
f 635/635/635 672/672/672 636/636/636
f 672/672/672 673/673/673 636/636/636
f 636/636/636 673/673/673 637/637/637
f 673/673/673 674/674/674 637/637/637
f 637/637/637 674/674/674 638/638/638
f 674/674/674 675/675/675 638/638/638
f 638/638/638 675/675/675 639/639/639
f 675/675/675 676/676/676 639/639/639
f 639/639/639 676/676/676 640/640/640
f 676/676/676 677/677/677 640/640/640
f 640/640/640 677/677/677 641/641/641
f 677/677/677 678/678/678 641/641/641
f 641/641/641 678/678/678 642/642/642
f 678/678/678 679/679/679 642/642/642
f 642/642/642 679/679/679 643/643/643
f 679/679/679 680/680/680 643/643/643
f 643/643/643 680/680/680 644/644/644
f 680/680/680 681/681/681 644/644/644
f 644/644/644 681/681/681 645/645/645
f 681/681/681 682/682/682 645/645/645
f 645/645/645 682/682/682 646/646/646
f 682/682/682 683/683/683 646/646/646
f 646/646/646 683/683/683 647/647/647
f 683/683/683 684/684/684 647/647/647
f 647/647/647 684/684/684 648/648/648
f 684/684/684 685/685/685 648/648/648
f 648/648/648 685/685/685 649/649/649
f 685/685/685 686/686/686 649/649/649
f 649/649/649 686/686/686 650/650/650
f 686/686/686 687/687/687 650/650/650
f 650/650/650 687/687/687 651/651/651
f 687/687/687 688/688/688 651/651/651
f 651/651/651 688/688/688 652/652/652
f 688/688/688 689/689/689 652/652/652
f 652/652/652 689/689/689 653/653/653
f 689/689/689 690/690/690 653/653/653
f 653/653/653 690/690/690 654/654/654
f 690/690/690 691/691/691 654/654/654
f 654/654/654 691/691/691 655/655/655
f 691/691/691 692/692/692 655/655/655
f 655/655/655 692/692/692 656/656/656
f 692/692/692 693/693/693 656/656/656
f 656/656/656 693/693/693 657/657/657
f 693/693/693 694/694/694 657/657/657
f 657/657/657 694/694/694 658/658/658
f 694/694/694 695/695/695 658/658/658
f 658/658/658 695/695/695 659/659/659
f 695/695/695 696/696/696 659/659/659
f 659/659/659 696/696/696 660/660/660
f 696/696/696 697/697/697 660/660/660
f 660/660/660 697/697/697 661/661/661
f 697/697/697 698/698/698 661/661/661
f 661/661/661 698/698/698 662/662/662
f 698/698/698 699/699/699 662/662/662
f 662/662/662 699/699/699 663/663/663
f 699/699/699 700/700/700 663/663/663
f 663/663/663 700/700/700 664/664/664
f 700/700/700 701/701/701 664/664/664
f 664/664/664 701/701/701 665/665/665
f 701/701/701 702/702/702 665/665/665
f 665/665/665 702/702/702 666/666/666
f 702/702/702 703/703/703 666/666/666
f 667/667/667 704/704/704 668/668/668
f 704/704/704 705/705/705 668/668/668
f 668/668/668 705/705/705 669/669/669
f 705/705/705 706/706/706 669/669/669
f 669/669/669 706/706/706 670/670/670
f 706/706/706 707/707/707 670/670/670
f 670/670/670 707/707/707 671/671/671
f 707/707/707 708/708/708 671/671/671
f 671/671/671 708/708/708 672/672/672
f 708/708/708 709/709/709 672/672/672
f 672/672/672 709/709/709 673/673/673
f 709/709/709 710/710/710 673/673/673
f 673/673/673 710/710/710 674/674/674
f 710/710/710 711/711/711 674/674/674
f 674/674/674 711/711/711 675/675/675
f 711/711/711 712/712/712 675/675/675
f 675/675/675 712/712/712 676/676/676
f 712/712/712 713/713/713 676/676/676
f 676/676/676 713/713/713 677/677/677
f 713/713/713 714/714/714 677/677/677
f 677/677/677 714/714/714 678/678/678
f 714/714/714 715/715/715 678/678/678
f 678/678/678 715/715/715 679/679/679
f 715/715/715 716/716/716 679/679/679
f 679/679/679 716/716/716 680/680/680
f 716/716/716 717/717/717 680/680/680
f 680/680/680 717/717/717 681/681/681
f 717/717/717 718/718/718 681/681/681
f 681/681/681 718/718/718 682/682/682
f 718/718/718 719/719/719 682/682/682
f 682/682/682 719/719/719 683/683/683
f 719/719/719 720/720/720 683/683/683
f 683/683/683 720/720/720 684/684/684
f 720/720/720 721/721/721 684/684/684
f 684/684/684 721/721/721 685/685/685
f 721/721/721 722/722/722 685/685/685
f 685/685/685 722/722/722 686/686/686
f 722/722/722 723/723/723 686/686/686
f 686/686/686 723/723/723 687/687/687
f 723/723/723 724/724/724 687/687/687
f 687/687/687 724/724/724 688/688/688
f 724/724/724 725/725/725 688/688/688
f 688/688/688 725/725/725 689/689/689
f 725/725/725 726/726/726 689/689/689
f 689/689/689 726/726/726 690/690/690
f 726/726/726 727/727/727 690/690/690
f 690/690/690 727/727/727 691/691/691
f 727/727/727 728/728/728 691/691/691
f 691/691/691 728/728/728 692/692/692
f 728/728/728 729/729/729 692/692/692
f 692/692/692 729/729/729 693/693/693
f 729/729/729 730/730/730 693/693/693
f 693/693/693 730/730/730 694/694/694
f 730/730/730 731/731/731 694/694/694
f 694/694/694 731/731/731 695/695/695
f 731/731/731 732/732/732 695/695/695
f 695/695/695 732/732/732 696/696/696
f 732/732/732 733/733/733 696/696/696
f 696/696/696 733/733/733 697/697/697
f 733/733/733 734/734/734 697/697/697
f 697/697/697 734/734/734 698/698/698
f 734/734/734 735/735/735 698/698/698
f 698/698/698 735/735/735 699/699/699
f 735/735/735 736/736/736 699/699/699
f 699/699/699 736/736/736 700/700/700
f 736/736/736 737/737/737 700/700/700
f 700/700/700 737/737/737 701/701/701
f 737/737/737 738/738/738 701/701/701
f 701/701/701 738/738/738 702/702/702
f 738/738/738 739/739/739 702/702/702
f 702/702/702 739/739/739 703/703/703
f 739/739/739 740/740/740 703/703/703
f 704/704/704 741/741/741 705/705/705
f 741/741/741 742/742/742 705/705/705
f 705/705/705 742/742/742 706/706/706
f 742/742/742 743/743/743 706/706/706
f 706/706/706 743/743/743 707/707/707
f 743/743/743 744/744/744 707/707/707
f 707/707/707 744/744/744 708/708/708
f 744/744/744 745/745/745 708/708/708
f 708/708/708 745/745/745 709/709/709
f 745/745/745 746/746/746 709/709/709
f 709/709/709 746/746/746 710/710/710
f 746/746/746 747/747/747 710/710/710
f 710/710/710 747/747/747 711/711/711
f 747/747/747 748/748/748 711/711/711
f 711/711/711 748/748/748 712/712/712
f 748/748/748 749/749/749 712/712/712
f 712/712/712 749/749/749 713/713/713
f 749/749/749 750/750/750 713/713/713
f 713/713/713 750/750/750 714/714/714
f 750/750/750 751/751/751 714/714/714
f 714/714/714 751/751/751 715/715/715
f 751/751/751 752/752/752 715/715/715
f 715/715/715 752/752/752 716/716/716
f 752/752/752 753/753/753 716/716/716
f 716/716/716 753/753/753 717/717/717
f 753/753/753 754/754/754 717/717/717
f 717/717/717 754/754/754 718/718/718
f 754/754/754 755/755/755 718/718/718
f 718/718/718 755/755/755 719/719/719
f 755/755/755 756/756/756 719/719/719
f 719/719/719 756/756/756 720/720/720
f 756/756/756 757/757/757 720/720/720
f 720/720/720 757/757/757 721/721/721
f 757/757/757 758/758/758 721/721/721
f 721/721/721 758/758/758 722/722/722
f 758/758/758 759/759/759 722/722/722
f 722/722/722 759/759/759 723/723/723
f 759/759/759 760/760/760 723/723/723
f 723/723/723 760/760/760 724/724/724
f 760/760/760 761/761/761 724/724/724
f 724/724/724 761/761/761 725/725/725
f 761/761/761 762/762/762 725/725/725
f 725/725/725 762/762/762 726/726/726
f 762/762/762 763/763/763 726/726/726
f 726/726/726 763/763/763 727/727/727
f 763/763/763 764/764/764 727/727/727
f 727/727/727 764/764/764 728/728/728
f 764/764/764 765/765/765 728/728/728
f 728/728/728 765/765/765 729/729/729
f 765/765/765 766/766/766 729/729/729
f 729/729/729 766/766/766 730/730/730
f 766/766/766 767/767/767 730/730/730
f 730/730/730 767/767/767 731/731/731
f 767/767/767 768/768/768 731/731/731
f 731/731/731 768/768/768 732/732/732
f 768/768/768 769/769/769 732/732/732
f 732/732/732 769/769/769 733/733/733
f 769/769/769 770/770/770 733/733/733
f 733/733/733 770/770/770 734/734/734
f 770/770/770 771/771/771 734/734/734
f 734/734/734 771/771/771 735/735/735
f 771/771/771 772/772/772 735/735/735
f 735/735/735 772/772/772 736/736/736
f 772/772/772 773/773/773 736/736/736
f 736/736/736 773/773/773 737/737/737
f 773/773/773 774/774/774 737/737/737
f 737/737/737 774/774/774 738/738/738
f 774/774/774 775/775/775 738/738/738
f 738/738/738 775/775/775 739/739/739
f 775/775/775 776/776/776 739/739/739
f 739/739/739 776/776/776 740/740/740
f 776/776/776 777/777/777 740/740/740
f 741/741/741 778/778/778 742/742/742
f 778/778/778 779/779/779 742/742/742
f 742/742/742 779/779/779 743/743/743
f 779/779/779 780/780/780 743/743/743
f 743/743/743 780/780/780 744/744/744
f 780/780/780 781/781/781 744/744/744
f 744/744/744 781/781/781 745/745/745
f 781/781/781 782/782/782 745/745/745
f 745/745/745 782/782/782 746/746/746
f 782/782/782 783/783/783 746/746/746
f 746/746/746 783/783/783 747/747/747
f 783/783/783 784/784/784 747/747/747
f 747/747/747 784/784/784 748/748/748
f 784/784/784 785/785/785 748/748/748
f 748/748/748 785/785/785 749/749/749
f 785/785/785 786/786/786 749/749/749
f 749/749/749 786/786/786 750/750/750
f 786/786/786 787/787/787 750/750/750
f 750/750/750 787/787/787 751/751/751
f 787/787/787 788/788/788 751/751/751
f 751/751/751 788/788/788 752/752/752
f 788/788/788 789/789/789 752/752/752
f 752/752/752 789/789/789 753/753/753
f 789/789/789 790/790/790 753/753/753
f 753/753/753 790/790/790 754/754/754
f 790/790/790 791/791/791 754/754/754
f 754/754/754 791/791/791 755/755/755
f 791/791/791 792/792/792 755/755/755
f 755/755/755 792/792/792 756/756/756
f 792/792/792 793/793/793 756/756/756
f 756/756/756 793/793/793 757/757/757
f 793/793/793 794/794/794 757/757/757
f 757/757/757 794/794/794 758/758/758
f 794/794/794 795/795/795 758/758/758
f 758/758/758 795/795/795 759/759/759
f 795/795/795 796/796/796 759/759/759
f 759/759/759 796/796/796 760/760/760
f 796/796/796 797/797/797 760/760/760
f 760/760/760 797/797/797 761/761/761
f 797/797/797 798/798/798 761/761/761
f 761/761/761 798/798/798 762/762/762
f 798/798/798 799/799/799 762/762/762
f 762/762/762 799/799/799 763/763/763
f 799/799/799 800/800/800 763/763/763
f 763/763/763 800/800/800 764/764/764
f 800/800/800 801/801/801 764/764/764
f 764/764/764 801/801/801 765/765/765
f 801/801/801 802/802/802 765/765/765
f 765/765/765 802/802/802 766/766/766
f 802/802/802 803/803/803 766/766/766
f 766/766/766 803/803/803 767/767/767
f 803/803/803 804/804/804 767/767/767
f 767/767/767 804/804/804 768/768/768
f 804/804/804 805/805/805 768/768/768
f 768/768/768 805/805/805 769/769/769
f 805/805/805 806/806/806 769/769/769
f 769/769/769 806/806/806 770/770/770
f 806/806/806 807/807/807 770/770/770
f 770/770/770 807/807/807 771/771/771
f 807/807/807 808/808/808 771/771/771
f 771/771/771 808/808/808 772/772/772
f 808/808/808 809/809/809 772/772/772
f 772/772/772 809/809/809 773/773/773
f 809/809/809 810/810/810 773/773/773
f 773/773/773 810/810/810 774/774/774
f 810/810/810 811/811/811 774/774/774
f 774/774/774 811/811/811 775/775/775
f 811/811/811 812/812/812 775/775/775
f 775/775/775 812/812/812 776/776/776
f 812/812/812 813/813/813 776/776/776
f 776/776/776 813/813/813 777/777/777
f 813/813/813 814/814/814 777/777/777
f 778/778/778 815/815/815 779/779/779
f 815/815/815 816/816/816 779/779/779
f 779/779/779 816/816/816 780/780/780
f 816/816/816 817/817/817 780/780/780
f 780/780/780 817/817/817 781/781/781
f 817/817/817 818/818/818 781/781/781
f 781/781/781 818/818/818 782/782/782
f 818/818/818 819/819/819 782/782/782
f 782/782/782 819/819/819 783/783/783
f 819/819/819 820/820/820 783/783/783
f 783/783/783 820/820/820 784/784/784
f 820/820/820 821/821/821 784/784/784
f 784/784/784 821/821/821 785/785/785
f 821/821/821 822/822/822 785/785/785
f 785/785/785 822/822/822 786/786/786
f 822/822/822 823/823/823 786/786/786
f 786/786/786 823/823/823 787/787/787
f 823/823/823 824/824/824 787/787/787
f 787/787/787 824/824/824 788/788/788
f 824/824/824 825/825/825 788/788/788
f 788/788/788 825/825/825 789/789/789
f 825/825/825 826/826/826 789/789/789
f 789/789/789 826/826/826 790/790/790
f 826/826/826 827/827/827 790/790/790
f 790/790/790 827/827/827 791/791/791
f 827/827/827 828/828/828 791/791/791
f 791/791/791 828/828/828 792/792/792
f 828/828/828 829/829/829 792/792/792
f 792/792/792 829/829/829 793/793/793
f 829/829/829 830/830/830 793/793/793
f 793/793/793 830/830/830 794/794/794
f 830/830/830 831/831/831 794/794/794
f 794/794/794 831/831/831 795/795/795
f 831/831/831 832/832/832 795/795/795
f 795/795/795 832/832/832 796/796/796
f 832/832/832 833/833/833 796/796/796
f 796/796/796 833/833/833 797/797/797
f 833/833/833 834/834/834 797/797/797
f 797/797/797 834/834/834 798/798/798
f 834/834/834 835/835/835 798/798/798
f 798/798/798 835/835/835 799/799/799
f 835/835/835 836/836/836 799/799/799
f 799/799/799 836/836/836 800/800/800
f 836/836/836 837/837/837 800/800/800
f 800/800/800 837/837/837 801/801/801
f 837/837/837 838/838/838 801/801/801
f 801/801/801 838/838/838 802/802/802
f 838/838/838 839/839/839 802/802/802
f 802/802/802 839/839/839 803/803/803
f 839/839/839 840/840/840 803/803/803
f 803/803/803 840/840/840 804/804/804
f 840/840/840 841/841/841 804/804/804
f 804/804/804 841/841/841 805/805/805
f 841/841/841 842/842/842 805/805/805
f 805/805/805 842/842/842 806/806/806
f 842/842/842 843/843/843 806/806/806
f 806/806/806 843/843/843 807/807/807
f 843/843/843 844/844/844 807/807/807
f 807/807/807 844/844/844 808/808/808
f 844/844/844 845/845/845 808/808/808
f 808/808/808 845/845/845 809/809/809
f 845/845/845 846/846/846 809/809/809
f 809/809/809 846/846/846 810/810/810
f 846/846/846 847/847/847 810/810/810
f 810/810/810 847/847/847 811/811/811
f 847/847/847 848/848/848 811/811/811
f 811/811/811 848/848/848 812/812/812
f 848/848/848 849/849/849 812/812/812
f 812/812/812 849/849/849 813/813/813
f 849/849/849 850/850/850 813/813/813
f 813/813/813 850/850/850 814/814/814
f 850/850/850 851/851/851 814/814/814
f 815/815/815 852/852/852 816/816/816
f 852/852/852 853/853/853 816/816/816
f 816/816/816 853/853/853 817/817/817
f 853/853/853 854/854/854 817/817/817
f 817/817/817 854/854/854 818/818/818
f 854/854/854 855/855/855 818/818/818
f 818/818/818 855/855/855 819/819/819
f 855/855/855 856/856/856 819/819/819
f 819/819/819 856/856/856 820/820/820
f 856/856/856 857/857/857 820/820/820
f 820/820/820 857/857/857 821/821/821
f 857/857/857 858/858/858 821/821/821
f 821/821/821 858/858/858 822/822/822
f 858/858/858 859/859/859 822/822/822
f 822/822/822 859/859/859 823/823/823
f 859/859/859 860/860/860 823/823/823
f 823/823/823 860/860/860 824/824/824
f 860/860/860 861/861/861 824/824/824
f 824/824/824 861/861/861 825/825/825
f 861/861/861 862/862/862 825/825/825
f 825/825/825 862/862/862 826/826/826
f 862/862/862 863/863/863 826/826/826
f 826/826/826 863/863/863 827/827/827
f 863/863/863 864/864/864 827/827/827
f 827/827/827 864/864/864 828/828/828
f 864/864/864 865/865/865 828/828/828
f 828/828/828 865/865/865 829/829/829
f 865/865/865 866/866/866 829/829/829
f 829/829/829 866/866/866 830/830/830
f 866/866/866 867/867/867 830/830/830
f 830/830/830 867/867/867 831/831/831
f 867/867/867 868/868/868 831/831/831
f 831/831/831 868/868/868 832/832/832
f 868/868/868 869/869/869 832/832/832
f 832/832/832 869/869/869 833/833/833
f 869/869/869 870/870/870 833/833/833
f 833/833/833 870/870/870 834/834/834
f 870/870/870 871/871/871 834/834/834
f 834/834/834 871/871/871 835/835/835
f 871/871/871 872/872/872 835/835/835
f 835/835/835 872/872/872 836/836/836
f 872/872/872 873/873/873 836/836/836
f 836/836/836 873/873/873 837/837/837
f 873/873/873 874/874/874 837/837/837
f 837/837/837 874/874/874 838/838/838
f 874/874/874 875/875/875 838/838/838
f 838/838/838 875/875/875 839/839/839
f 875/875/875 876/876/876 839/839/839
f 839/839/839 876/876/876 840/840/840
f 876/876/876 877/877/877 840/840/840
f 840/840/840 877/877/877 841/841/841
f 877/877/877 878/878/878 841/841/841
f 841/841/841 878/878/878 842/842/842
f 878/878/878 879/879/879 842/842/842
f 842/842/842 879/879/879 843/843/843
f 879/879/879 880/880/880 843/843/843
f 843/843/843 880/880/880 844/844/844
f 880/880/880 881/881/881 844/844/844
f 844/844/844 881/881/881 845/845/845
f 881/881/881 882/882/882 845/845/845
f 845/845/845 882/882/882 846/846/846
f 882/882/882 883/883/883 846/846/846
f 846/846/846 883/883/883 847/847/847
f 883/883/883 884/884/884 847/847/847
f 847/847/847 884/884/884 848/848/848
f 884/884/884 885/885/885 848/848/848
f 848/848/848 885/885/885 849/849/849
f 885/885/885 886/886/886 849/849/849
f 849/849/849 886/886/886 850/850/850
f 886/886/886 887/887/887 850/850/850
f 850/850/850 887/887/887 851/851/851
f 887/887/887 888/888/888 851/851/851
f 852/852/852 889/889/889 853/853/853
f 889/889/889 890/890/890 853/853/853
f 853/853/853 890/890/890 854/854/854
f 890/890/890 891/891/891 854/854/854
f 854/854/854 891/891/891 855/855/855
f 891/891/891 892/892/892 855/855/855
f 855/855/855 892/892/892 856/856/856
f 892/892/892 893/893/893 856/856/856
f 856/856/856 893/893/893 857/857/857
f 893/893/893 894/894/894 857/857/857
f 857/857/857 894/894/894 858/858/858
f 894/894/894 895/895/895 858/858/858
f 858/858/858 895/895/895 859/859/859
f 895/895/895 896/896/896 859/859/859
f 859/859/859 896/896/896 860/860/860
f 896/896/896 897/897/897 860/860/860
f 860/860/860 897/897/897 861/861/861
f 897/897/897 898/898/898 861/861/861
f 861/861/861 898/898/898 862/862/862
f 898/898/898 899/899/899 862/862/862
f 862/862/862 899/899/899 863/863/863
f 899/899/899 900/900/900 863/863/863
f 863/863/863 900/900/900 864/864/864
f 900/900/900 901/901/901 864/864/864
f 864/864/864 901/901/901 865/865/865
f 901/901/901 902/902/902 865/865/865
f 865/865/865 902/902/902 866/866/866
f 902/902/902 903/903/903 866/866/866
f 866/866/866 903/903/903 867/867/867
f 903/903/903 904/904/904 867/867/867
f 867/867/867 904/904/904 868/868/868
f 904/904/904 905/905/905 868/868/868
f 868/868/868 905/905/905 869/869/869
f 905/905/905 906/906/906 869/869/869
f 869/869/869 906/906/906 870/870/870
f 906/906/906 907/907/907 870/870/870
f 870/870/870 907/907/907 871/871/871
f 907/907/907 908/908/908 871/871/871
f 871/871/871 908/908/908 872/872/872
f 908/908/908 909/909/909 872/872/872
f 872/872/872 909/909/909 873/873/873
f 909/909/909 910/910/910 873/873/873
f 873/873/873 910/910/910 874/874/874
f 910/910/910 911/911/911 874/874/874
f 874/874/874 911/911/911 875/875/875
f 911/911/911 912/912/912 875/875/875
f 875/875/875 912/912/912 876/876/876
f 912/912/912 913/913/913 876/876/876
f 876/876/876 913/913/913 877/877/877
f 913/913/913 914/914/914 877/877/877
f 877/877/877 914/914/914 878/878/878
f 914/914/914 915/915/915 878/878/878
f 878/878/878 915/915/915 879/879/879
f 915/915/915 916/916/916 879/879/879
f 879/879/879 916/916/916 880/880/880
f 916/916/916 917/917/917 880/880/880
f 880/880/880 917/917/917 881/881/881
f 917/917/917 918/918/918 881/881/881
f 881/881/881 918/918/918 882/882/882
f 918/918/918 919/919/919 882/882/882
f 882/882/882 919/919/919 883/883/883
f 919/919/919 920/920/920 883/883/883
f 883/883/883 920/920/920 884/884/884
f 920/920/920 921/921/921 884/884/884
f 884/884/884 921/921/921 885/885/885
f 921/921/921 922/922/922 885/885/885
f 885/885/885 922/922/922 886/886/886
f 922/922/922 923/923/923 886/886/886
f 886/886/886 923/923/923 887/887/887
f 923/923/923 924/924/924 887/887/887
f 887/887/887 924/924/924 888/888/888
f 924/924/924 925/925/925 888/888/888
